date,x1_count,x2_count,x3_count,x4_count,x5_count,x6_count,x6_mean,x6_max,x6_min,x6_std,x7_count,x8_count,x8_mean,x8_max,x8_min,x8_std,x9_count,x9_mean,x9_max,x9_min,x9_std,x10_count,x11_count,x12_count,x13_count,x14_count,x14_mean,x14_max,x14_min,x14_std,x15_count,x15_mean,x15_max,x15_min,x15_std,x16_count,x17_count,x17_mean,x17_max,x17_min,x17_std,x18_count,x19_count,x20_count,x21_count,x22_count,x23_count,x24_count,x25_count,x26_count,label
03/05/2015,0,0,0,0,0,0,78919.69565,9245.434783,41220.65217,14040.78261,0,0,72822,10556,44361,0,0,75800.73913,13898.69565,50125.56522,22548.34783,0,0,0,0,0,73570,11871,44580,0,0,75800.73913,13898.69565,50125.56522,22548.34783,0,0,83956.82609,489.7391304,16591.43478,12425.6087,0,0,0,0,0,0,0,0,0,0
04/05/2015,0,0,0,0,0,0,78785.34783,9482.217391,41109.82609,14709.3913,0,0,72822,10556,44361,0,0,77218.86957,14372.34783,51881.78261,23065.17391,0,0,0,0,0,73570,11871,44580,0,0,77218.86957,14372.34783,51881.78261,23065.17391,0,0,84074.91304,274.8695652,15347.21739,13017.30435,0,0,0,0,0,0,0,0,0,0
05/05/2015,0,0,0,0,0,1700,78651,9719,40999,15378,0,2,72822,10556,44361,0,5,78637,14846,53638,23582,0,0,0,0,2,73570,11871,44580,0,5,78637,14846,53638,23582,0,2421,84193,60,14103,13609,0,0,0,0,0,0,0,0,0,0
06/05/2015,0,0,0,0,0,1978,62134,1295,38893,20331,0,24,41061,1290,29703,12609,11,62046,1213,26671,16166,0,0,3,1,24,41061,1290,29703,12609,11,62045,1213,26671,16166,0,1738,86366,2060,41129,11652,0,0,0,0,0,0,0,0,0,0
07/05/2015,0,0,0,0,0,1832,73245,129,53549,11973,0,2,72822,10556,44361,0,3,74070,10580,45219,0,0,0,0,0,2,73570,11871,44580,0,3,74020,10591,44182,0,0,397,76982,1455,39785,20259,0,0,0,0,0,0,0,0,0,0
08/05/2015,0,0,0,0,0,2241,85037,9916,42633,27354,0,3,72822,10556,44361,0,8,84932,9879,59578,25385,0,0,0,0,3,73570,11871,44580,0,8,84932,9879,59578,25385,0,5,83857,27669,42529,23485,0,0,0,0,0,0,0,0,0,0
09/05/2015,0,0,0,0,0,2663,83463,2365,40390,23390,0,4,72822,10556,44361,0,2,74070,10580,45219,0,0,0,1,3,4,73570,11871,44580,0,3,74020,10591,44182,0,0,3,81477,5002,42720,0,0,0,0,0,0,0,0,0,0,0
10/05/2015,2,0,0,0,0,2149,86379,3915,42750,23113,0,2,72822,10556,44361,0,2,74070,10580,45219,0,0,0,0,1,2,73570,11871,44580,0,2,74020,10591,44182,0,11,2,81477,5002,42720,0,0,0,0,0,0,0,0,0,0,0
11/05/2015,0,0,0,0,0,17,64061,2654,35701,17771,0,6,64040,9874,52502,21365,15,50854,2609,30824,11734,0,0,0,0,6,64040,9874,52502,21365,16,50854,2609,32075,12393,0,12,86250,7052,47860,29669,0,0,0,0,0,0,0,0,0,0
12/05/2015,0,0,0,0,0,1,81741,4273,43548,0,0,2,72822,10556,44361,0,5,35762,1773,18272,12620,0,0,1,1,2,73570,11871,44580,0,5,35762,1773,18272,12620,0,17,83993,36854,59274,14173,0,0,0,0,0,0,0,0,0,0
13/05/2015,0,0,0,0,0,0,81422.79167,4333.25,43605.625,992.5,0,0,72669.79167,10764.25,45030.25,710.5833333,0,37358.79167,1937.125,19459.95833,13384.125,0,0,0,0,0,73386.625,12024.45833,45252.79167,643.4166667,0,37358.79167,1937.125,19459.95833,13384.125,0,0,83983.33333,35338.375,58791.54167,14670.875,0,0,0,0,0,0,0,0,0,0
14/05/2015,0,0,0,0,0,0,81104.58333,4393.5,43663.25,1985,0,0,72517.58333,10972.5,45699.5,1421.166667,0,38955.58333,2101.25,20647.91667,14148.25,0,0,0,0,0,73203.25,12177.91667,45925.58333,1286.833333,0,38955.58333,2101.25,20647.91667,14148.25,0,0,83973.66667,33822.75,58309.08333,15168.75,0,0,0,0,0,0,0,0,0,0
15/05/2015,0,0,0,0,0,0,80786.375,4453.75,43720.875,2977.5,0,0,72365.375,11180.75,46368.75,2131.75,0,40552.375,2265.375,21835.875,14912.375,0,0,0,0,0,73019.875,12331.375,46598.375,1930.25,0,40552.375,2265.375,21835.875,14912.375,0,0,83964,32307.125,57826.625,15666.625,0,0,0,0,0,0,0,0,0,0
16/05/2015,0,0,0,0,0,0,80468.16667,4514,43778.5,3970,0,0,72213.16667,11389,47038,2842.333333,0,42149.16667,2429.5,23023.83333,15676.5,0,0,0,0,0,72836.5,12484.83333,47271.16667,2573.666667,0,42149.16667,2429.5,23023.83333,15676.5,0,0,83954.33333,30791.5,57344.16667,16164.5,0,0,0,0,0,0,0,0,0,0
17/05/2015,0,0,0,0,0,0,80149.95833,4574.25,43836.125,4962.5,0,0,72060.95833,11597.25,47707.25,3552.916667,0,43745.95833,2593.625,24211.79167,16440.625,0,0,0,0,0,72653.125,12638.29167,47943.95833,3217.083333,0,43745.95833,2593.625,24211.79167,16440.625,0,0,83944.66667,29275.875,56861.70833,16662.375,0,0,0,0,0,0,0,0,0,0
18/05/2015,0,0,0,0,0,0,79831.75,4634.5,43893.75,5955,0,0,71908.75,11805.5,48376.5,4263.5,0,45342.75,2757.75,25399.75,17204.75,0,0,0,0,0,72469.75,12791.75,48616.75,3860.5,0,45342.75,2757.75,25399.75,17204.75,0,0,83935,27760.25,56379.25,17160.25,0,0,0,0,0,0,0,0,0,0
19/05/2015,0,0,0,0,0,0,79513.54167,4694.75,43951.375,6947.5,0,0,71756.54167,12013.75,49045.75,4974.083333,0,46939.54167,2921.875,26587.70833,17968.875,0,0,0,0,0,72286.375,12945.20833,49289.54167,4503.916667,0,46939.54167,2921.875,26587.70833,17968.875,0,0,83925.33333,26244.625,55896.79167,17658.125,0,0,0,0,0,0,0,0,0,0
20/05/2015,0,0,0,0,0,0,79195.33333,4755,44009,7940,0,0,71604.33333,12222,49715,5684.666667,0,48536.33333,3086,27775.66667,18733,0,0,0,0,0,72103,13098.66667,49962.33333,5147.333333,0,48536.33333,3086,27775.66667,18733,0,0,83915.66667,24729,55414.33333,18156,0,0,0,0,0,0,0,0,0,0
21/05/2015,0,0,0,0,0,0,78877.125,4815.25,44066.625,8932.5,0,0,71452.125,12430.25,50384.25,6395.25,0,50133.125,3250.125,28963.625,19497.125,0,0,0,0,0,71919.625,13252.125,50635.125,5790.75,0,50133.125,3250.125,28963.625,19497.125,0,0,83906,23213.375,54931.875,18653.875,0,0,0,0,0,0,0,0,0,0
22/05/2015,0,0,0,0,0,0,78558.91667,4875.5,44124.25,9925,0,0,71299.91667,12638.5,51053.5,7105.833333,0,51729.91667,3414.25,30151.58333,20261.25,0,0,0,0,0,71736.25,13405.58333,51307.91667,6434.166667,0,51729.91667,3414.25,30151.58333,20261.25,0,0,83896.33333,21697.75,54449.41667,19151.75,0,0,0,0,0,0,0,0,0,0
23/05/2015,0,0,0,0,0,0,78240.70833,4935.75,44181.875,10917.5,0,0,71147.70833,12846.75,51722.75,7816.416667,0,53326.70833,3578.375,31339.54167,21025.375,0,0,0,0,0,71552.875,13559.04167,51980.70833,7077.583333,0,53326.70833,3578.375,31339.54167,21025.375,0,0,83886.66667,20182.125,53966.95833,19649.625,0,0,0,0,0,0,0,0,0,0
24/05/2015,0,0,0,0,0,0,77922.5,4996,44239.5,11910,0,0,70995.5,13055,52392,8527,0,54923.5,3742.5,32527.5,21789.5,0,0,0,0,0,71369.5,13712.5,52653.5,7721,0,54923.5,3742.5,32527.5,21789.5,0,0,83877,18666.5,53484.5,20147.5,0,0,0,0,0,0,0,0,0,0
25/05/2015,0,0,0,0,0,0,77604.29167,5056.25,44297.125,12902.5,0,0,70843.29167,13263.25,53061.25,9237.583333,0,56520.29167,3906.625,33715.45833,22553.625,0,0,0,0,0,71186.125,13865.95833,53326.29167,8364.416667,0,56520.29167,3906.625,33715.45833,22553.625,0,0,83867.33333,17150.875,53002.04167,20645.375,0,0,0,0,0,0,0,0,0,0
26/05/2015,0,0,0,0,0,0,77286.08333,5116.5,44354.75,13895,0,0,70691.08333,13471.5,53730.5,9948.166667,0,58117.08333,4070.75,34903.41667,23317.75,0,0,0,0,0,71002.75,14019.41667,53999.08333,9007.833333,0,58117.08333,4070.75,34903.41667,23317.75,0,0,83857.66667,15635.25,52519.58333,21143.25,0,0,0,0,0,0,0,0,0,0
27/05/2015,0,0,0,0,0,0,76967.875,5176.75,44412.375,14887.5,0,0,70538.875,13679.75,54399.75,10658.75,0,59713.875,4234.875,36091.375,24081.875,0,0,0,0,0,70819.375,14172.875,54671.875,9651.25,0,59713.875,4234.875,36091.375,24081.875,0,0,83848,14119.625,52037.125,21641.125,0,0,0,0,0,0,0,0,0,0
28/05/2015,0,0,0,0,0,0,76649.66667,5237,44470,15880,0,0,70386.66667,13888,55069,11369.33333,0,61310.66667,4399,37279.33333,24846,0,0,0,0,0,70636,14326.33333,55344.66667,10294.66667,0,61310.66667,4399,37279.33333,24846,0,0,83838.33333,12604,51554.66667,22139,0,0,0,0,0,0,0,0,0,0
29/05/2015,0,0,0,0,0,0,76331.45833,5297.25,44527.625,16872.5,0,0,70234.45833,14096.25,55738.25,12079.91667,0,62907.45833,4563.125,38467.29167,25610.125,0,0,0,0,0,70452.625,14479.79167,56017.45833,10938.08333,0,62907.45833,4563.125,38467.29167,25610.125,0,0,83828.66667,11088.375,51072.20833,22636.875,0,0,0,0,0,0,0,0,0,0
30/05/2015,0,0,0,0,0,0,76013.25,5357.5,44585.25,17865,0,0,70082.25,14304.5,56407.5,12790.5,0,64504.25,4727.25,39655.25,26374.25,0,0,0,0,0,70269.25,14633.25,56690.25,11581.5,0,64504.25,4727.25,39655.25,26374.25,0,0,83819,9572.75,50589.75,23134.75,0,0,0,0,0,0,0,0,0,0
02/06/2015,0,0,0,0,0,0,75058.625,5538.25,44758.125,20842.5,0,0,69625.625,14929.25,58415.25,14922.25,0,69294.625,5219.625,43219.125,28666.625,0,0,0,0,0,69719.125,15093.625,58708.625,13511.75,0,69294.625,5219.625,43219.125,28666.625,0,0,83790,5025.875,49142.375,24628.375,0,0,0,0,0,0,0,0,0,0
03/06/2015,0,0,0,0,0,0,74740.41667,5598.5,44815.75,21835,0,0,69473.41667,15137.5,59084.5,15632.83333,0,70891.41667,5383.75,44407.08333,29430.75,0,0,0,0,0,69535.75,15247.08333,59381.41667,14155.16667,0,70891.41667,5383.75,44407.08333,29430.75,0,0,83780.33333,3510.25,48659.91667,25126.25,0,0,0,0,0,0,0,0,0,0
04/06/2015,0,0,0,0,0,0,74422.20833,5658.75,44873.375,22827.5,0,0,69321.20833,15345.75,59753.75,16343.41667,0,72488.20833,5547.875,45595.04167,30194.875,0,0,0,0,0,69352.375,15400.54167,60054.20833,14798.58333,0,72488.20833,5547.875,45595.04167,30194.875,0,0,83770.66667,1994.625,48177.45833,25624.125,0,0,0,0,0,0,0,0,0,0
05/06/2015,0,0,0,0,0,2261,74104,5719,44931,23820,0,10,69169,15554,60423,17054,7,74085,5712,46783,30959,0,1,0,0,12,69169,15554,60727,15442,7,74085,5712,46783,30959,0,364,83761,479,47695,26122,0,0,0,0,0,0,0,0,0,1
06/06/2015,0,0,0,0,1,2282,80860,18867,46659,25322,0,4,72822,10556,44361,0,8,83333,22098,50937,30805,0,0,2,0,4,73570,11871,44580,0,8,83333,22098,50937,30805,0,1546,84292,63,55057,19183,0,0,0,0,0,0,0,0,0,0
07/06/2015,0,0,0,0,0,1374,83443,2023,76348,9779,0,4,72822,10556,44361,0,6,75816,30783,57116,16549,0,0,0,0,4,73570,11871,44580,0,6,75816,30783,57116,16549,0,157,85447,45532,68495,12315,0,0,0,0,0,0,0,0,0,0
08/06/2015,1,0,0,0,0,2247,78654,5336,44691,21217,0,5,61846,9783,40186,21415,8,65699,5286,38500,23435,0,0,2,1,5,61846,9783,40186,21415,8,65699,5286,38500,23435,0,17,78986,46986,69932,10973,0,0,0,0,0,0,0,0,0,0
09/06/2015,0,0,0,0,0,3032,85626,15969,49687,25878,0,7,82414,24513,43482,21765,4,74070,10580,45219,0,0,0,6,2,7,82414,24513,43482,21765,6,63332,24530,32526,15468,0,1,81477,5002,42720,0,0,0,0,0,0,0,0,0,0,0
10/06/2015,7,0,0,0,0,2586,85320,1434,49728,23241,0,2,72822,10556,44361,0,5,65609,61780,63145,1597,0,0,0,0,2,73570,11871,44580,0,5,65609,61780,63145,1597,7,2,81477,5002,42720,0,0,0,0,0,0,0,0,0,0,0
11/06/2015,1,0,0,0,0,2,81741,4273,43548,0,0,2,72822,10556,44361,0,1,74070,10580,45219,0,0,0,0,1,2,73570,11871,44580,0,1,74020,10591,44182,0,0,2,81477,5002,42720,0,0,0,0,0,0,0,0,0,0,0
12/06/2015,0,0,0,0,0,1,81741,4273,43548,0,0,2,72822,10556,44361,0,1,74070,10580,45219,0,0,0,0,0,2,73570,11871,44580,0,1,74020,10591,44182,0,1,29,86150,1536,57812,21092,0,0,0,0,0,0,0,0,0,0
13/06/2015,0,0,0,0,0,0,81128.47826,4205.73913,43745.47826,654.4782609,0,0,72591.34783,10956.08696,44835.56522,867.3913043,0,73790.82609,12797.6087,46095.26087,102.9130435,0,0,0,0,0,73306.82609,12213.91304,45045.04348,867.3913043,0,73743,11807.69565,44870.30435,499.5217391,0,0,86103.56522,1494.304348,57123.95652,21283.6087,0,0,0,0,0,0,0,0,0,0
14/06/2015,0,0,0,0,0,0,80515.95652,4138.478261,43942.95652,1308.956522,0,0,72360.69565,11356.17391,45310.13043,1734.782609,0,73511.65217,15015.21739,46971.52174,205.826087,0,0,0,0,0,73043.65217,12556.82609,45510.08696,1734.782609,0,73466,13024.3913,45558.6087,999.0434783,0,0,86057.13043,1452.608696,56435.91304,21475.21739,0,0,0,0,0,0,0,0,0,0
15/06/2015,0,0,0,0,0,0,79903.43478,4071.217391,44140.43478,1963.434783,0,0,72130.04348,11756.26087,45784.69565,2602.173913,0,73232.47826,17232.82609,47847.78261,308.7391304,0,0,0,0,0,72780.47826,12899.73913,45975.13043,2602.173913,0,73189,14241.08696,46246.91304,1498.565217,0,0,86010.69565,1410.913043,55747.86957,21666.82609,0,0,0,0,0,0,0,0,0,0
16/06/2015,0,0,0,0,0,0,79290.91304,4003.956522,44337.91304,2617.913043,0,0,71899.3913,12156.34783,46259.26087,3469.565217,0,72953.30435,19450.43478,48724.04348,411.6521739,0,0,0,0,0,72517.30435,13242.65217,46440.17391,3469.565217,0,72912,15457.78261,46935.21739,1998.086957,0,0,85964.26087,1369.217391,55059.82609,21858.43478,0,0,0,0,0,0,0,0,0,0
17/06/2015,0,0,0,0,0,0,78678.3913,3936.695652,44535.3913,3272.391304,0,0,71668.73913,12556.43478,46733.82609,4336.956522,0,72674.13043,21668.04348,49600.30435,514.5652174,0,0,0,0,0,72254.13043,13585.56522,46905.21739,4336.956522,0,72635,16674.47826,47623.52174,2497.608696,0,0,85917.82609,1327.521739,54371.78261,22050.04348,0,0,0,0,0,0,0,0,0,0
18/06/2015,0,0,0,0,0,0,78065.86957,3869.434783,44732.86957,3926.869565,0,0,71438.08696,12956.52174,47208.3913,5204.347826,0,72394.95652,23885.65217,50476.56522,617.4782609,0,0,0,0,0,71990.95652,13928.47826,47370.26087,5204.347826,0,72358,17891.17391,48311.82609,2997.130435,0,0,85871.3913,1285.826087,53683.73913,22241.65217,0,0,0,0,0,0,0,0,0,0
19/06/2015,0,0,0,0,0,0,77453.34783,3802.173913,44930.34783,4581.347826,0,0,71207.43478,13356.6087,47682.95652,6071.73913,0,72115.78261,26103.26087,51352.82609,720.3913043,0,0,0,0,0,71727.78261,14271.3913,47835.30435,6071.73913,0,72081,19107.86957,49000.13043,3496.652174,0,0,85824.95652,1244.130435,52995.69565,22433.26087,0,0,0,0,0,0,0,0,0,0
20/06/2015,0,0,0,0,0,0,76840.82609,3734.913043,45127.82609,5235.826087,0,0,70976.78261,13756.69565,48157.52174,6939.130435,0,71836.6087,28320.86957,52229.08696,823.3043478,0,0,0,0,0,71464.6087,14614.30435,48300.34783,6939.130435,0,71804,20324.56522,49688.43478,3996.173913,0,0,85778.52174,1202.434783,52307.65217,22624.86957,0,0,0,0,0,0,0,0,0,0
21/06/2015,0,0,0,0,0,0,76228.30435,3667.652174,45325.30435,5890.304348,0,0,70746.13043,14156.78261,48632.08696,7806.521739,0,71557.43478,30538.47826,53105.34783,926.2173913,0,0,0,0,0,71201.43478,14957.21739,48765.3913,7806.521739,0,71527,21541.26087,50376.73913,4495.695652,0,0,85732.08696,1160.73913,51619.6087,22816.47826,0,0,0,0,0,0,0,0,0,0
22/06/2015,0,0,0,0,0,0,75615.78261,3600.391304,45522.78261,6544.782609,0,0,70515.47826,14556.86957,49106.65217,8673.913043,0,71278.26087,32756.08696,53981.6087,1029.130435,0,0,0,0,0,70938.26087,15300.13043,49230.43478,8673.913043,0,71250,22757.95652,51065.04348,4995.217391,0,0,85685.65217,1119.043478,50931.56522,23008.08696,0,0,0,0,0,0,0,0,0,0
23/06/2015,0,0,0,0,0,0,75003.26087,3533.130435,45720.26087,7199.26087,0,0,70284.82609,14956.95652,49581.21739,9541.304348,0,70999.08696,34973.69565,54857.86957,1132.043478,0,0,0,0,0,70675.08696,15643.04348,49695.47826,9541.304348,0,70973,23974.65217,51753.34783,5494.73913,0,0,85639.21739,1077.347826,50243.52174,23199.69565,0,0,0,0,0,0,0,0,0,0
24/06/2015,0,0,0,0,0,0,74390.73913,3465.869565,45917.73913,7853.73913,0,0,70054.17391,15357.04348,50055.78261,10408.69565,0,70719.91304,37191.30435,55734.13043,1234.956522,0,0,0,0,0,70411.91304,15985.95652,50160.52174,10408.69565,0,70696,25191.34783,52441.65217,5994.26087,0,0,85592.78261,1035.652174,49555.47826,23391.30435,0,0,0,0,0,0,0,0,0,0
25/06/2015,0,0,0,0,0,0,73778.21739,3398.608696,46115.21739,8508.217391,0,0,69823.52174,15757.13043,50530.34783,11276.08696,0,70440.73913,39408.91304,56610.3913,1337.869565,0,0,0,0,0,70148.73913,16328.86957,50625.56522,11276.08696,0,70419,26408.04348,53129.95652,6493.782609,0,0,85546.34783,993.9565217,48867.43478,23582.91304,0,0,0,0,0,0,0,0,0,0
26/06/2015,0,0,0,0,0,0,73165.69565,3331.347826,46312.69565,9162.695652,0,0,69592.86957,16157.21739,51004.91304,12143.47826,0,70161.56522,41626.52174,57486.65217,1440.782609,0,0,0,0,0,69885.56522,16671.78261,51090.6087,12143.47826,0,70142,27624.73913,53818.26087,6993.304348,0,0,85499.91304,952.2608696,48179.3913,23774.52174,0,0,0,0,0,0,0,0,0,0
27/06/2015,0,0,0,0,0,0,72553.17391,3264.086957,46510.17391,9817.173913,0,0,69362.21739,16557.30435,51479.47826,13010.86957,0,69882.3913,43844.13043,58362.91304,1543.695652,0,0,0,0,0,69622.3913,17014.69565,51555.65217,13010.86957,0,69865,28841.43478,54506.56522,7492.826087,0,0,85453.47826,910.5652174,47491.34783,23966.13043,0,0,0,0,0,0,0,0,0,0
28/06/2015,0,0,0,0,0,0,71940.65217,3196.826087,46707.65217,10471.65217,0,0,69131.56522,16957.3913,51954.04348,13878.26087,0,69603.21739,46061.73913,59239.17391,1646.608696,0,0,0,0,0,69359.21739,17357.6087,52020.69565,13878.26087,0,69588,30058.13043,55194.86957,7992.347826,0,0,85407.04348,868.8695652,46803.30435,24157.73913,0,0,0,0,0,0,0,0,0,0
29/06/2015,0,0,0,0,0,0,71328.13043,3129.565217,46905.13043,11126.13043,0,0,68900.91304,17357.47826,52428.6087,14745.65217,0,69324.04348,48279.34783,60115.43478,1749.521739,0,0,0,0,0,69096.04348,17700.52174,52485.73913,14745.65217,0,69311,31274.82609,55883.17391,8491.869565,0,0,85360.6087,827.173913,46115.26087,24349.34783,0,0,0,0,0,0,0,0,0,0
30/06/2015,0,0,0,0,0,0,70715.6087,3062.304348,47102.6087,11780.6087,0,0,68670.26087,17757.56522,52903.17391,15613.04348,0,69044.86957,50496.95652,60991.69565,1852.434783,0,0,0,0,0,68832.86957,18043.43478,52950.78261,15613.04348,0,69034,32491.52174,56571.47826,8991.391304,0,0,85314.17391,785.4782609,45427.21739,24540.95652,0,0,0,0,0,0,0,0,0,0
01/07/2015,0,0,0,0,0,0,70103.08696,2995.043478,47300.08696,12435.08696,0,0,68439.6087,18157.65217,53377.73913,16480.43478,0,68765.69565,52714.56522,61867.95652,1955.347826,0,0,0,0,0,68569.69565,18386.34783,53415.82609,16480.43478,0,68757,33708.21739,57259.78261,9490.913043,0,0,85267.73913,743.7826087,44739.17391,24732.56522,0,0,0,0,0,0,0,0,0,0
02/07/2015,0,0,0,0,0,0,69490.56522,2927.782609,47497.56522,13089.56522,0,0,68208.95652,18557.73913,53852.30435,17347.82609,0,68486.52174,54932.17391,62744.21739,2058.26087,0,0,0,0,0,68306.52174,18729.26087,53880.86957,17347.82609,0,68480,34924.91304,57948.08696,9990.434783,0,0,85221.30435,702.0869565,44051.13043,24924.17391,0,0,0,0,0,0,0,0,0,0
03/07/2015,0,0,0,0,0,0,68878.04348,2860.521739,47695.04348,13744.04348,0,0,67978.30435,18957.82609,54326.86957,18215.21739,0,68207.34783,57149.78261,63620.47826,2161.173913,0,0,0,0,0,68043.34783,19072.17391,54345.91304,18215.21739,0,68203,36141.6087,58636.3913,10489.95652,0,0,85174.86957,660.3913043,43363.08696,25115.78261,0,0,0,0,0,0,0,0,0,0
04/07/2015,0,0,0,0,0,0,68265.52174,2793.26087,47892.52174,14398.52174,0,0,67747.65217,19357.91304,54801.43478,19082.6087,0,67928.17391,59367.3913,64496.73913,2264.086957,0,0,0,0,0,67780.17391,19415.08696,54810.95652,19082.6087,0,67926,37358.30435,59324.69565,10989.47826,0,0,85128.43478,618.6956522,42675.04348,25307.3913,0,0,0,0,0,0,0,0,0,0
05/07/2015,0,0,0,0,0,2950,67653,2726,48090,15053,0,5,67517,19758,55276,19950,8,67649,61585,65373,2367,0,0,0,0,5,67517,19758,55276,19950,10,67649,38575,60013,11489,0,461,85082,577,41987,25499,0,0,0,0,0,0,0,0,0,0
06/07/2015,0,0,0,0,0,1821,81419,3986,41918,21343,0,7,70586,3978,33716,19573,9,28632,10713,16071,5606,0,0,4,0,7,70586,3978,33716,19573,9,28632,10713,16071,5606,0,2036,86317,480,36385,19743,0,0,0,0,0,0,0,0,0,1
07/07/2015,0,0,0,0,0,1883,78144,9303,53456,17072,0,1,72822,10556,44361,0,8,78105,9282,44089,24725,0,0,0,0,1,73570,11871,44580,0,8,78105,9282,44089,24725,0,437,84507,527,41591,25162,0,0,0,0,0,0,0,0,0,0
08/07/2015,0,0,0,0,0,3636,78577,2563,40910,25905,0,6,60276,3435,42174,20862,8,78536,3295,50016,24661,0,0,0,0,9,60276,3435,29289,25407,8,78536,3295,50016,24661,0,42,70607,386,65679,15040,1,0,0,0,0,0,0,0,0,0
09/07/2015,0,0,0,0,0,2165,85627,681,47498,26216,0,2,72822,10556,44361,0,1,74070,10580,45219,0,0,0,0,0,2,73570,11871,44580,0,1,74020,10591,44182,0,1,0,81477,5002,42720,0,0,0,0,0,0,0,0,0,0,0
10/07/2015,10,0,0,0,0,1675,86223,1378,33976,18956,0,2,72822,10556,44361,0,4,74070,10580,45219,0,0,0,0,0,2,73570,11871,44580,0,4,74020,10591,44182,0,3,4,81477,5002,42720,0,0,0,0,0,0,0,0,0,0,0
11/07/2015,0,0,0,0,0,13,66971,13877,41522,15145,0,4,72822,10556,44361,0,6,61489,28906,44726,14415,0,0,0,1,4,73570,11871,44580,0,8,66986,28906,45531,15944,0,3,81477,5002,42720,0,0,0,0,0,0,0,0,0,0,0
12/07/2015,0,1,0,0,0,0,81741,4273,43548,0,0,2,72822,10556,44361,0,0,74070,10580,45219,0,0,0,2,1,2,73570,11871,44580,0,0,74020,10591,44182,0,10,33,73840,347,30118,22368,0,0,1,0,0,0,0,0,0,0
13/07/2015,0,0,0,0,0,0,81392.625,4436.5,43389.125,1097.291667,0,0,72767.95833,10619.125,44636.83333,1117.833333,0,74070,10580,45219,0,0,0,0,0,0,73484.79167,11879.33333,44846.70833,1117.833333,0,74020,10591,44182,0,0,0,74360.5,339.0416667,31556.25,22164.91667,0,0,0,0,0,0,0,0,0,0
14/07/2015,0,0,0,0,0,0,81044.25,4600,43230.25,2194.583333,0,0,72713.91667,10682.25,44912.66667,2235.666667,0,74070,10580,45219,0,0,0,0,0,0,73399.58333,11887.66667,45113.41667,2235.666667,0,74020,10591,44182,0,0,0,74881,331.0833333,32994.5,21961.83333,0,0,0,0,0,0,0,0,0,0
15/07/2015,0,0,0,0,0,0,80695.875,4763.5,43071.375,3291.875,0,0,72659.875,10745.375,45188.5,3353.5,0,74070,10580,45219,0,0,0,0,0,0,73314.375,11896,45380.125,3353.5,0,74020,10591,44182,0,0,0,75401.5,323.125,34432.75,21758.75,0,0,0,0,0,0,0,0,0,0
16/07/2015,0,0,0,0,0,0,80347.5,4927,42912.5,4389.166667,0,0,72605.83333,10808.5,45464.33333,4471.333333,0,74070,10580,45219,0,0,0,0,0,0,73229.16667,11904.33333,45646.83333,4471.333333,0,74020,10591,44182,0,0,0,75922,315.1666667,35871,21555.66667,0,0,0,0,0,0,0,0,0,0
17/07/2015,0,0,0,0,0,0,79999.125,5090.5,42753.625,5486.458333,0,0,72551.79167,10871.625,45740.16667,5589.166667,0,74070,10580,45219,0,0,0,0,0,0,73143.95833,11912.66667,45913.54167,5589.166667,0,74020,10591,44182,0,0,0,76442.5,307.2083333,37309.25,21352.58333,0,0,0,0,0,0,0,0,0,0
18/07/2015,0,0,0,0,0,0,79650.75,5254,42594.75,6583.75,0,0,72497.75,10934.75,46016,6707,0,74070,10580,45219,0,0,0,0,0,0,73058.75,11921,46180.25,6707,0,74020,10591,44182,0,0,0,76963,299.25,38747.5,21149.5,0,0,0,0,0,0,0,0,0,0
19/07/2015,0,0,0,0,0,0,79302.375,5417.5,42435.875,7681.041667,0,0,72443.70833,10997.875,46291.83333,7824.833333,0,74070,10580,45219,0,0,0,0,0,0,72973.54167,11929.33333,46446.95833,7824.833333,0,74020,10591,44182,0,0,0,77483.5,291.2916667,40185.75,20946.41667,0,0,0,0,0,0,0,0,0,0
20/07/2015,0,0,0,0,0,0,78954,5581,42277,8778.333333,0,0,72389.66667,11061,46567.66667,8942.666667,0,74070,10580,45219,0,0,0,0,0,0,72888.33333,11937.66667,46713.66667,8942.666667,0,74020,10591,44182,0,0,0,78004,283.3333333,41624,20743.33333,0,0,0,0,0,0,0,0,0,0
21/07/2015,0,0,0,0,0,0,78605.625,5744.5,42118.125,9875.625,0,0,72335.625,11124.125,46843.5,10060.5,0,74070,10580,45219,0,0,0,0,0,0,72803.125,11946,46980.375,10060.5,0,74020,10591,44182,0,0,0,78524.5,275.375,43062.25,20540.25,0,0,0,0,0,0,0,0,0,0
22/07/2015,0,0,0,0,0,0,78257.25,5908,41959.25,10972.91667,0,0,72281.58333,11187.25,47119.33333,11178.33333,0,74070,10580,45219,0,0,0,0,0,0,72717.91667,11954.33333,47247.08333,11178.33333,0,74020,10591,44182,0,0,0,79045,267.4166667,44500.5,20337.16667,0,0,0,0,0,0,0,0,0,0
23/07/2015,0,0,0,0,0,0,77908.875,6071.5,41800.375,12070.20833,0,0,72227.54167,11250.375,47395.16667,12296.16667,0,74070,10580,45219,0,0,0,0,0,0,72632.70833,11962.66667,47513.79167,12296.16667,0,74020,10591,44182,0,0,0,79565.5,259.4583333,45938.75,20134.08333,0,0,0,0,0,0,0,0,0,0
24/07/2015,0,0,0,0,0,0,77560.5,6235,41641.5,13167.5,0,0,72173.5,11313.5,47671,13414,0,74070,10580,45219,0,0,0,0,0,0,72547.5,11971,47780.5,13414,0,74020,10591,44182,0,0,0,80086,251.5,47377,19931,0,0,0,0,0,0,0,0,0,0
25/07/2015,0,0,0,0,0,0,77212.125,6398.5,41482.625,14264.79167,0,0,72119.45833,11376.625,47946.83333,14531.83333,0,74070,10580,45219,0,0,0,0,0,0,72462.29167,11979.33333,48047.20833,14531.83333,0,74020,10591,44182,0,0,0,80606.5,243.5416667,48815.25,19727.91667,0,0,0,0,0,0,0,0,0,0
26/07/2015,0,0,0,0,0,0,76863.75,6562,41323.75,15362.08333,0,0,72065.41667,11439.75,48222.66667,15649.66667,0,74070,10580,45219,0,0,0,0,0,0,72377.08333,11987.66667,48313.91667,15649.66667,0,74020,10591,44182,0,0,0,81127,235.5833333,50253.5,19524.83333,0,0,0,0,0,0,0,0,0,0
27/07/2015,0,0,0,0,0,0,76515.375,6725.5,41164.875,16459.375,0,0,72011.375,11502.875,48498.5,16767.5,0,74070,10580,45219,0,0,0,0,0,0,72291.875,11996,48580.625,16767.5,0,74020,10591,44182,0,0,0,81647.5,227.625,51691.75,19321.75,0,0,0,0,0,0,0,0,0,0
28/07/2015,0,0,0,0,0,0,76167,6889,41006,17556.66667,0,0,71957.33333,11566,48774.33333,17885.33333,0,74070,10580,45219,0,0,0,0,0,0,72206.66667,12004.33333,48847.33333,17885.33333,0,74020,10591,44182,0,0,0,82168,219.6666667,53130,19118.66667,0,0,0,0,0,0,0,0,0,0
29/07/2015,0,0,0,0,0,0,75818.625,7052.5,40847.125,18653.95833,0,0,71903.29167,11629.125,49050.16667,19003.16667,0,74070,10580,45219,0,0,0,0,0,0,72121.45833,12012.66667,49114.04167,19003.16667,0,74020,10591,44182,0,0,0,82688.5,211.7083333,54568.25,18915.58333,0,0,0,0,0,0,0,0,0,0
30/07/2015,0,0,0,0,0,0,75470.25,7216,40688.25,19751.25,0,0,71849.25,11692.25,49326,20121,0,74070,10580,45219,0,0,0,0,0,0,72036.25,12021,49380.75,20121,0,74020,10591,44182,0,0,0,83209,203.75,56006.5,18712.5,0,0,0,0,0,0,0,0,0,0
31/07/2015,0,0,0,0,0,0,75121.875,7379.5,40529.375,20848.54167,0,0,71795.20833,11755.375,49601.83333,21238.83333,0,74070,10580,45219,0,0,0,0,0,0,71951.04167,12029.33333,49647.45833,21238.83333,0,74020,10591,44182,0,0,0,83729.5,195.7916667,57444.75,18509.41667,0,0,0,0,0,0,0,0,0,0
01/08/2015,0,0,0,0,0,0,74773.5,7543,40370.5,21945.83333,0,0,71741.16667,11818.5,49877.66667,22356.66667,0,74070,10580,45219,0,0,0,0,0,0,71865.83333,12037.66667,49914.16667,22356.66667,0,74020,10591,44182,0,0,0,84250,187.8333333,58883,18306.33333,0,0,0,0,0,0,0,0,0,0
02/08/2015,0,0,0,0,0,0,74425.125,7706.5,40211.625,23043.125,0,0,71687.125,11881.625,50153.5,23474.5,0,74070,10580,45219,0,0,0,0,0,0,71780.625,12046,50180.875,23474.5,0,74020,10591,44182,0,0,0,84770.5,179.875,60321.25,18103.25,0,0,0,0,0,0,0,0,0,0
03/08/2015,0,0,0,0,0,0,74076.75,7870,40052.75,24140.41667,0,0,71633.08333,11944.75,50429.33333,24592.33333,0,74070,10580,45219,0,0,0,0,0,0,71695.41667,12054.33333,50447.58333,24592.33333,0,74020,10591,44182,0,0,0,85291,171.9166667,61759.5,17900.16667,0,0,0,0,0,0,0,0,0,0
04/08/2015,0,0,0,0,0,0,73728.375,8033.5,39893.875,25237.70833,0,0,71579.04167,12007.875,50705.16667,25710.16667,0,74070,10580,45219,0,0,0,0,0,0,71610.20833,12062.66667,50714.29167,25710.16667,0,74020,10591,44182,0,0,0,85811.5,163.9583333,63197.75,17697.08333,0,0,0,0,0,0,0,0,0,0
05/08/2015,0,0,0,0,0,2810,73380,8197,39735,26335,0,7,71525,12071,50981,26828,1,74070,10580,45219,0,0,0,0,0,7,71525,12071,50981,26828,1,74020,10591,44182,0,0,1997,86332,156,64636,17494,0,0,0,0,0,0,0,0,0,0
06/08/2015,1,0,0,0,0,2430,86018,6620,44027,26047,0,7,81013,15964,47513,24880,5,86012,55900,70616,12665,0,0,0,1,7,81013,15964,47513,24880,5,86012,55900,70616,12665,0,1901,84607,394,26759,15224,0,0,0,0,0,0,0,0,0,0
07/08/2015,0,0,0,0,0,2879,82044,4792,53097,26308,0,6,81991,38371,62786,18939,26,72984,24407,50119,16736,0,0,0,0,6,81991,38371,62786,18939,28,72984,24407,51749,17182,0,435,86384,131,41799,26352,0,0,0,0,0,0,0,0,0,0
08/08/2015,3,0,0,0,0,2310,70481,16339,42662,14368,0,1,72822,10556,44361,0,0,74070,10580,45219,0,0,0,0,0,1,73570,11871,44580,0,0,74020,10591,44182,0,1,157,81070,20376,66400,5359,1,0,0,0,0,0,0,0,0,0
09/08/2015,0,0,0,0,0,2331,86356,25,43088,25528,0,59,41464,16296,27410,11376,2,74070,10580,45219,0,0,0,0,0,59,41463,16296,27410,11376,2,74020,10591,44182,0,0,0,81477,5002,42720,0,0,0,0,0,0,0,0,0,0,0
10/08/2015,5,0,0,0,0,3045,81933,12466,43620,24490,0,2,72822,10556,44361,0,6,81784,14488,48305,27389,0,0,0,1,2,73570,11871,44580,0,7,81787,14488,53088,28023,1,0,81477,5002,42720,0,0,0,0,0,0,0,0,0,0,0
11/08/2015,0,0,0,0,0,5,73799,1920,50631,27961,0,5,69036,24704,54191,17041,1,74070,10580,45219,0,0,1,0,3,5,69036,24704,54191,17041,1,74020,10591,44182,0,38,1,81477,5002,42720,0,0,0,0,0,0,0,0,0,0,0
12/08/2015,0,0,0,0,0,5,70333,53794,66420,7177,0,4,72822,10556,44361,0,5,70333,5992,54145,27854,0,0,0,2,4,73570,11871,44580,0,5,70333,5992,54145,27854,0,10,73230,14771,49325,20483,0,0,0,0,0,0,0,0,0,0
13/08/2015,0,0,0,0,0,0,70980.91667,52185.29167,65376.79167,7474.416667,0,0,72822,10556,44361,0,0,70488.70833,6183.166667,53773.08333,26693.41667,0,0,0,0,0,73570,11871,44580,0,0,70486.625,6183.625,53729.875,26693.41667,0,0,73757.75,14158.16667,49365.375,20406.70833,0,0,0,0,0,0,0,0,0,0
14/08/2015,0,0,0,0,0,0,71628.83333,50576.58333,64333.58333,7771.833333,0,0,72822,10556,44361,0,0,70644.41667,6374.333333,53401.16667,25532.83333,0,0,0,0,0,73570,11871,44580,0,0,70640.25,6375.25,53314.75,25532.83333,0,0,74285.5,13545.33333,49405.75,20330.41667,0,0,0,0,0,0,0,0,0,0
15/08/2015,0,0,0,0,0,0,72276.75,48967.875,63290.375,8069.25,0,0,72822,10556,44361,0,0,70800.125,6565.5,53029.25,24372.25,0,0,0,0,0,73570,11871,44580,0,0,70793.875,6566.875,52899.625,24372.25,0,0,74813.25,12932.5,49446.125,20254.125,0,0,0,0,0,0,0,0,0,0
16/08/2015,0,0,0,0,0,0,72924.66667,47359.16667,62247.16667,8366.666667,0,0,72822,10556,44361,0,0,70955.83333,6756.666667,52657.33333,23211.66667,0,0,0,0,0,73570,11871,44580,0,0,70947.5,6758.5,52484.5,23211.66667,0,0,75341,12319.66667,49486.5,20177.83333,0,0,0,0,0,0,0,0,0,0
17/08/2015,0,0,0,0,0,0,73572.58333,45750.45833,61203.95833,8664.083333,0,0,72822,10556,44361,0,0,71111.54167,6947.833333,52285.41667,22051.08333,0,0,0,0,0,73570,11871,44580,0,0,71101.125,6950.125,52069.375,22051.08333,0,0,75868.75,11706.83333,49526.875,20101.54167,0,0,0,0,0,0,0,0,0,0
18/08/2015,0,0,0,0,0,0,74220.5,44141.75,60160.75,8961.5,0,0,72822,10556,44361,0,0,71267.25,7139,51913.5,20890.5,0,0,0,0,0,73570,11871,44580,0,0,71254.75,7141.75,51654.25,20890.5,0,0,76396.5,11094,49567.25,20025.25,0,0,0,0,0,0,0,0,0,0
19/08/2015,0,0,0,0,0,0,74868.41667,42533.04167,59117.54167,9258.916667,0,0,72822,10556,44361,0,0,71422.95833,7330.166667,51541.58333,19729.91667,0,0,0,0,0,73570,11871,44580,0,0,71408.375,7333.375,51239.125,19729.91667,0,0,76924.25,10481.16667,49607.625,19948.95833,0,0,0,0,0,0,0,0,0,0
20/08/2015,0,0,0,0,0,0,75516.33333,40924.33333,58074.33333,9556.333333,0,0,72822,10556,44361,0,0,71578.66667,7521.333333,51169.66667,18569.33333,0,0,0,0,0,73570,11871,44580,0,0,71562,7525,50824,18569.33333,0,0,77452,9868.333333,49648,19872.66667,0,0,0,0,0,0,0,0,0,0
21/08/2015,0,0,0,0,0,0,76164.25,39315.625,57031.125,9853.75,0,0,72822,10556,44361,0,0,71734.375,7712.5,50797.75,17408.75,0,0,0,0,0,73570,11871,44580,0,0,71715.625,7716.625,50408.875,17408.75,0,0,77979.75,9255.5,49688.375,19796.375,0,0,0,0,0,0,0,0,0,0
22/08/2015,0,0,0,0,0,0,76812.16667,37706.91667,55987.91667,10151.16667,0,0,72822,10556,44361,0,0,71890.08333,7903.666667,50425.83333,16248.16667,0,0,0,0,0,73570,11871,44580,0,0,71869.25,7908.25,49993.75,16248.16667,0,0,78507.5,8642.666667,49728.75,19720.08333,0,0,0,0,0,0,0,0,0,0
23/08/2015,0,0,0,0,0,0,77460.08333,36098.20833,54944.70833,10448.58333,0,0,72822,10556,44361,0,0,72045.79167,8094.833333,50053.91667,15087.58333,0,0,0,0,0,73570,11871,44580,0,0,72022.875,8099.875,49578.625,15087.58333,0,0,79035.25,8029.833333,49769.125,19643.79167,0,0,0,0,0,0,0,0,0,0
24/08/2015,0,0,0,0,0,0,78108,34489.5,53901.5,10746,0,0,72822,10556,44361,0,0,72201.5,8286,49682,13927,0,0,0,0,0,73570,11871,44580,0,0,72176.5,8291.5,49163.5,13927,0,0,79563,7417,49809.5,19567.5,0,0,0,0,0,0,0,0,0,0
25/08/2015,0,0,0,0,0,0,78755.91667,32880.79167,52858.29167,11043.41667,0,0,72822,10556,44361,0,0,72357.20833,8477.166667,49310.08333,12766.41667,0,0,0,0,0,73570,11871,44580,0,0,72330.125,8483.125,48748.375,12766.41667,0,0,80090.75,6804.166667,49849.875,19491.20833,0,0,0,0,0,0,0,0,0,0
26/08/2015,0,0,0,0,0,0,79403.83333,31272.08333,51815.08333,11340.83333,0,0,72822,10556,44361,0,0,72512.91667,8668.333333,48938.16667,11605.83333,0,0,0,0,0,73570,11871,44580,0,0,72483.75,8674.75,48333.25,11605.83333,0,0,80618.5,6191.333333,49890.25,19414.91667,0,0,0,0,0,0,0,0,0,0
27/08/2015,0,0,0,0,0,0,80051.75,29663.375,50771.875,11638.25,0,0,72822,10556,44361,0,0,72668.625,8859.5,48566.25,10445.25,0,0,0,0,0,73570,11871,44580,0,0,72637.375,8866.375,47918.125,10445.25,0,0,81146.25,5578.5,49930.625,19338.625,0,0,0,0,0,0,0,0,0,0
28/08/2015,0,0,0,0,0,0,80699.66667,28054.66667,49728.66667,11935.66667,0,0,72822,10556,44361,0,0,72824.33333,9050.666667,48194.33333,9284.666667,0,0,0,0,0,73570,11871,44580,0,0,72791,9058,47503,9284.666667,0,0,81674,4965.666667,49971,19262.33333,0,0,0,0,0,0,0,0,0,0
29/08/2015,0,0,0,0,0,0,81347.58333,26445.95833,48685.45833,12233.08333,0,0,72822,10556,44361,0,0,72980.04167,9241.833333,47822.41667,8124.083333,0,0,0,0,0,73570,11871,44580,0,0,72944.625,9249.625,47087.875,8124.083333,0,0,82201.75,4352.833333,50011.375,19186.04167,0,0,0,0,0,0,0,0,0,0
30/08/2015,0,0,0,0,0,0,81995.5,24837.25,47642.25,12530.5,0,0,72822,10556,44361,0,0,73135.75,9433,47450.5,6963.5,0,0,0,0,0,73570,11871,44580,0,0,73098.25,9441.25,46672.75,6963.5,0,0,82729.5,3740,50051.75,19109.75,0,0,0,0,0,0,0,0,0,0
31/08/2015,0,0,0,0,0,0,82643.41667,23228.54167,46599.04167,12827.91667,0,0,72822,10556,44361,0,0,73291.45833,9624.166667,47078.58333,5802.916667,0,0,0,0,0,73570,11871,44580,0,0,73251.875,9632.875,46257.625,5802.916667,0,0,83257.25,3127.166667,50092.125,19033.45833,0,0,0,0,0,0,0,0,0,0
01/09/2015,0,0,0,0,0,0,83291.33333,21619.83333,45555.83333,13125.33333,0,0,72822,10556,44361,0,0,73447.16667,9815.333333,46706.66667,4642.333333,0,0,0,0,0,73570,11871,44580,0,0,73405.5,9824.5,45842.5,4642.333333,0,0,83785,2514.333333,50132.5,18957.16667,0,0,0,0,0,0,0,0,0,0
02/09/2015,0,0,0,0,0,0,83939.25,20011.125,44512.625,13422.75,0,0,72822,10556,44361,0,0,73602.875,10006.5,46334.75,3481.75,0,0,0,0,0,73570,11871,44580,0,0,73559.125,10016.125,45427.375,3481.75,0,0,84312.75,1901.5,50172.875,18880.875,0,0,0,0,0,0,0,0,0,0
03/09/2015,0,0,0,0,0,0,84587.16667,18402.41667,43469.41667,13720.16667,0,0,72822,10556,44361,0,0,73758.58333,10197.66667,45962.83333,2321.166667,0,0,0,0,0,73570,11871,44580,0,0,73712.75,10207.75,45012.25,2321.166667,0,0,84840.5,1288.666667,50213.25,18804.58333,0,0,0,0,0,0,0,0,0,0
04/09/2015,0,0,0,0,0,0,85235.08333,16793.70833,42426.20833,14017.58333,0,0,72822,10556,44361,0,0,73914.29167,10388.83333,45590.91667,1160.583333,0,0,0,0,0,73570,11871,44580,0,0,73866.375,10399.375,44597.125,1160.583333,0,0,85368.25,675.8333333,50253.625,18728.29167,0,0,0,0,0,0,0,0,0,0
05/09/2015,0,0,0,0,0,2023,85883,15185,41383,14315,0,3,72822,10556,44361,0,1,74070,10580,45219,0,0,0,0,0,4,73570,11871,44580,0,1,74020,10591,44182,0,0,7406,85896,63,50294,18652,0,0,0,0,0,0,0,0,0,0
06/09/2015,0,1,0,0,0,1825,85142,1940,47820,24437,0,3,72822,10556,44361,0,4,74070,10580,45219,0,0,0,0,0,3,73570,11871,44580,0,4,74020,10591,44182,0,0,587,86315,1951,51111,23029,0,0,0,0,0,0,0,0,0,0
07/09/2015,0,0,0,0,0,1711,84668,2218,48593,21155,0,2,72822,10556,44361,0,6,80885,2427,44264,30002,0,0,2,0,2,73570,11871,44580,0,6,80885,2427,44264,30002,0,433,84339,675,42689,25495,0,0,0,0,0,0,0,0,0,0
08/09/2015,0,0,0,0,0,808,60622,3284,16240,5457,0,1,72822,10556,44361,0,5,60626,60416,60578,91,0,0,0,0,1,73570,11871,44580,0,5,60626,60416,60578,91,0,23,81229,15607,50974,14511,0,0,0,0,0,0,0,0,0,0
09/09/2015,0,0,0,0,0,1836,83848,346,51637,29756,0,3,72822,10556,44361,0,1,74070,10580,45219,0,0,0,2,0,3,73570,11871,44580,0,1,74020,10591,44182,0,12,0,81477,5002,42720,0,0,0,0,0,0,0,0,0,0,0
10/09/2015,1,0,0,0,0,1933,85595,13045,47576,17033,0,2,72822,10556,44361,0,3,74070,10580,45219,0,0,0,0,0,2,73570,11871,44580,0,4,74020,10591,44182,0,1,0,81477,5002,42720,0,0,0,0,0,0,0,0,0,0,0
11/09/2015,0,0,0,0,0,7,80443,6556,59325,28683,0,6,80426,6630,57321,30855,2,74070,10580,45219,0,0,0,4,0,6,80426,6630,57321,30855,2,74020,10591,44182,0,8,3,81477,5002,42720,0,0,0,1,0,0,0,0,0,0,0
12/09/2015,0,0,0,0,0,4,81741,4273,43548,0,0,3,72822,10556,44361,0,3,74070,10580,45219,0,0,0,1,1,5,80392,20812,42595,22296,3,74020,10591,44182,0,18,22,83675,5002,48185,22980,0,0,0,0,0,0,0,0,0,0
13/09/2015,0,0,0,0,0,0,81911.26087,4177.782609,43590.56522,1142.73913,0,0,71790.21739,10340.34783,44060.69565,746.9565217,0,74125.56522,11097.08696,45334.73913,982.3913043,0,0,0,0,0,79031.08696,20150.43478,42285.78261,21977.56522,0,74077.73913,11107.6087,44342.82609,982.3913043,0,0,83760.95652,4874.652174,47823.43478,23063.91304,0,0,0,0,0,0,0,0,0,0
14/09/2015,0,0,0,0,0,0,82081.52174,4082.565217,43633.13043,2285.478261,0,0,70758.43478,10124.69565,43760.3913,1493.913043,0,74181.13043,11614.17391,45450.47826,1964.782609,0,0,0,0,0,77670.17391,19488.86957,41976.56522,21659.13043,0,74135.47826,11624.21739,44503.65217,1964.782609,0,0,83846.91304,4747.304348,47461.86957,23147.82609,0,0,0,0,0,0,0,0,0,0
15/09/2015,0,0,0,0,0,0,82251.78261,3987.347826,43675.69565,3428.217391,0,0,69726.65217,9909.043478,43460.08696,2240.869565,0,74236.69565,12131.26087,45566.21739,2947.173913,0,0,0,0,0,76309.26087,18827.30435,41667.34783,21340.69565,0,74193.21739,12140.82609,44664.47826,2947.173913,0,0,83932.86957,4619.956522,47100.30435,23231.73913,0,0,0,0,0,0,0,0,0,0
16/09/2015,0,0,0,0,0,0,82422.04348,3892.130435,43718.26087,4570.956522,0,0,68694.86957,9693.391304,43159.78261,2987.826087,0,74292.26087,12648.34783,45681.95652,3929.565217,0,0,0,0,0,74948.34783,18165.73913,41358.13043,21022.26087,0,74250.95652,12657.43478,44825.30435,3929.565217,0,0,84018.82609,4492.608696,46738.73913,23315.65217,0,0,0,0,0,0,0,0,0,0
17/09/2015,0,0,0,0,0,0,82592.30435,3796.913043,43760.82609,5713.695652,0,0,67663.08696,9477.73913,42859.47826,3734.782609,0,74347.82609,13165.43478,45797.69565,4911.956522,0,0,0,0,0,73587.43478,17504.17391,41048.91304,20703.82609,0,74308.69565,13174.04348,44986.13043,4911.956522,0,0,84104.78261,4365.26087,46377.17391,23399.56522,0,0,0,0,0,0,0,0,0,0
18/09/2015,0,0,0,0,0,0,82762.56522,3701.695652,43803.3913,6856.434783,0,0,66631.30435,9262.086957,42559.17391,4481.73913,0,74403.3913,13682.52174,45913.43478,5894.347826,0,0,0,0,0,72226.52174,16842.6087,40739.69565,20385.3913,0,74366.43478,13690.65217,45146.95652,5894.347826,0,0,84190.73913,4237.913043,46015.6087,23483.47826,0,0,0,0,0,0,0,0,0,0
19/09/2015,0,0,0,0,0,0,82932.82609,3606.478261,43845.95652,7999.173913,0,0,65599.52174,9046.434783,42258.86957,5228.695652,0,74458.95652,14199.6087,46029.17391,6876.73913,0,0,0,0,0,70865.6087,16181.04348,40430.47826,20066.95652,0,74424.17391,14207.26087,45307.78261,6876.73913,0,0,84276.69565,4110.565217,45654.04348,23567.3913,0,0,0,0,0,0,0,0,0,0
20/09/2015,0,0,0,0,0,0,83103.08696,3511.26087,43888.52174,9141.913043,0,0,64567.73913,8830.782609,41958.56522,5975.652174,0,74514.52174,14716.69565,46144.91304,7859.130435,0,0,0,0,0,69504.69565,15519.47826,40121.26087,19748.52174,0,74481.91304,14723.86957,45468.6087,7859.130435,0,0,84362.65217,3983.217391,45292.47826,23651.30435,0,0,0,0,0,0,0,0,0,0
21/09/2015,0,0,0,0,0,0,83273.34783,3416.043478,43931.08696,10284.65217,0,0,63535.95652,8615.130435,41658.26087,6722.608696,0,74570.08696,15233.78261,46260.65217,8841.521739,0,0,0,0,0,68143.78261,14857.91304,39812.04348,19430.08696,0,74539.65217,15240.47826,45629.43478,8841.521739,0,0,84448.6087,3855.869565,44930.91304,23735.21739,0,0,0,0,0,0,0,0,0,0
22/09/2015,0,0,0,0,0,0,83443.6087,3320.826087,43973.65217,11427.3913,0,0,62504.17391,8399.478261,41357.95652,7469.565217,0,74625.65217,15750.86957,46376.3913,9823.913043,0,0,0,0,0,66782.86957,14196.34783,39502.82609,19111.65217,0,74597.3913,15757.08696,45790.26087,9823.913043,0,0,84534.56522,3728.521739,44569.34783,23819.13043,0,0,0,0,0,0,0,0,0,1
23/09/2015,0,0,0,0,0,0,83613.86957,3225.608696,44016.21739,12570.13043,0,0,61472.3913,8183.826087,41057.65217,8216.521739,0,74681.21739,16267.95652,46492.13043,10806.30435,0,0,0,0,0,65421.95652,13534.78261,39193.6087,18793.21739,0,74655.13043,16273.69565,45951.08696,10806.30435,0,0,84620.52174,3601.173913,44207.78261,23903.04348,0,0,0,0,0,0,0,0,0,0
24/09/2015,0,0,0,0,0,0,83784.13043,3130.391304,44058.78261,13712.86957,0,0,60440.6087,7968.173913,40757.34783,8963.478261,0,74736.78261,16785.04348,46607.86957,11788.69565,0,0,0,0,0,64061.04348,12873.21739,38884.3913,18474.78261,0,74712.86957,16790.30435,46111.91304,11788.69565,0,0,84706.47826,3473.826087,43846.21739,23986.95652,0,0,0,0,0,0,0,0,0,0
25/09/2015,0,0,0,0,0,0,83954.3913,3035.173913,44101.34783,14855.6087,0,0,59408.82609,7752.521739,40457.04348,9710.434783,0,74792.34783,17302.13043,46723.6087,12771.08696,0,0,0,0,0,62700.13043,12211.65217,38575.17391,18156.34783,0,74770.6087,17306.91304,46272.73913,12771.08696,0,0,84792.43478,3346.478261,43484.65217,24070.86957,0,0,0,0,0,0,0,0,0,0
26/09/2015,0,0,0,0,0,0,84124.65217,2939.956522,44143.91304,15998.34783,0,0,58377.04348,7536.869565,40156.73913,10457.3913,0,74847.91304,17819.21739,46839.34783,13753.47826,0,0,0,0,0,61339.21739,11550.08696,38265.95652,17837.91304,0,74828.34783,17823.52174,46433.56522,13753.47826,0,0,84878.3913,3219.130435,43123.08696,24154.78261,0,0,0,0,0,0,0,0,0,0
27/09/2015,0,0,0,0,0,0,84294.91304,2844.73913,44186.47826,17141.08696,0,0,57345.26087,7321.217391,39856.43478,11204.34783,0,74903.47826,18336.30435,46955.08696,14735.86957,0,0,0,0,0,59978.30435,10888.52174,37956.73913,17519.47826,0,74886.08696,18340.13043,46594.3913,14735.86957,0,0,84964.34783,3091.782609,42761.52174,24238.69565,0,0,0,0,0,0,0,0,0,0
28/09/2015,0,0,0,0,0,0,84465.17391,2749.521739,44229.04348,18283.82609,0,0,56313.47826,7105.565217,39556.13043,11951.30435,0,74959.04348,18853.3913,47070.82609,15718.26087,0,0,0,0,0,58617.3913,10226.95652,37647.52174,17201.04348,0,74943.82609,18856.73913,46755.21739,15718.26087,0,0,85050.30435,2964.434783,42399.95652,24322.6087,0,0,0,0,0,0,0,0,0,0
29/09/2015,0,0,0,0,0,0,84635.43478,2654.304348,44271.6087,19426.56522,0,0,55281.69565,6889.913043,39255.82609,12698.26087,0,75014.6087,19370.47826,47186.56522,16700.65217,0,0,0,0,0,57256.47826,9565.391304,37338.30435,16882.6087,0,75001.56522,19373.34783,46916.04348,16700.65217,0,0,85136.26087,2837.086957,42038.3913,24406.52174,0,0,0,0,0,0,0,0,0,0
30/09/2015,0,0,0,0,0,0,84805.69565,2559.086957,44314.17391,20569.30435,0,0,54249.91304,6674.26087,38955.52174,13445.21739,0,75070.17391,19887.56522,47302.30435,17683.04348,0,0,0,0,0,55895.56522,8903.826087,37029.08696,16564.17391,0,75059.30435,19889.95652,47076.86957,17683.04348,0,0,85222.21739,2709.73913,41676.82609,24490.43478,0,0,0,0,0,0,0,0,0,0
01/10/2015,0,0,0,0,0,0,84975.95652,2463.869565,44356.73913,21712.04348,0,0,53218.13043,6458.608696,38655.21739,14192.17391,0,75125.73913,20404.65217,47418.04348,18665.43478,0,0,0,0,0,54534.65217,8242.26087,36719.86957,16245.73913,0,75117.04348,20406.56522,47237.69565,18665.43478,0,0,85308.17391,2582.391304,41315.26087,24574.34783,0,0,0,0,0,0,0,0,0,0
02/10/2015,0,0,0,0,0,0,85146.21739,2368.652174,44399.30435,22854.78261,0,0,52186.34783,6242.956522,38354.91304,14939.13043,0,75181.30435,20921.73913,47533.78261,19647.82609,0,0,0,0,0,53173.73913,7580.695652,36410.65217,15927.30435,0,75174.78261,20923.17391,47398.52174,19647.82609,0,0,85394.13043,2455.043478,40953.69565,24658.26087,0,0,0,0,0,0,0,0,0,0
03/10/2015,0,0,0,0,0,0,85316.47826,2273.434783,44441.86957,23997.52174,0,0,51154.56522,6027.304348,38054.6087,15686.08696,0,75236.86957,21438.82609,47649.52174,20630.21739,0,0,0,0,0,51812.82609,6919.130435,36101.43478,15608.86957,0,75232.52174,21439.78261,47559.34783,20630.21739,0,0,85480.08696,2327.695652,40592.13043,24742.17391,0,0,0,0,0,0,0,0,0,0
04/10/2015,0,0,0,0,0,0,85486.73913,2178.217391,44484.43478,25140.26087,0,0,50122.78261,5811.652174,37754.30435,16433.04348,0,75292.43478,21955.91304,47765.26087,21612.6087,0,0,0,0,0,50451.91304,6257.565217,35792.21739,15290.43478,0,75290.26087,21956.3913,47720.17391,21612.6087,0,0,85566.04348,2200.347826,40230.56522,24826.08696,0,0,0,0,0,0,0,0,0,0
05/10/2015,0,0,0,0,0,3226,85657,2083,44527,26283,0,6,49091,5596,37454,17180,5,75348,22473,47881,22595,0,0,0,0,8,49091,5596,35483,14972,5,75348,22473,47881,22595,0,123,85652,2073,39869,24910,0,0,0,0,0,0,0,0,0,0
06/10/2015,1,0,0,0,0,2357,80646,5480,52573,26907,0,1,72822,10556,44361,0,2,74070,10580,45219,0,0,0,1,0,1,73570,11871,44580,0,2,74020,10591,44182,0,0,576,84496,130,45311,21650,0,0,0,0,0,0,0,0,0,0
07/10/2015,0,0,0,0,0,2513,85037,1937,45322,30822,0,1,72822,10556,44361,0,9,84663,4992,44742,29249,0,0,0,0,2,73570,11871,44580,0,9,84663,4992,44742,29249,0,482,85388,0,39058,25285,0,0,0,0,0,0,0,0,0,0
08/10/2015,0,0,0,0,0,2487,80443,9886,50411,21374,0,3,72822,10556,44361,0,6,69715,9827,26964,23654,0,0,0,0,3,73570,11871,44580,0,6,69715,9827,26964,23654,0,61,65058,830,21522,19326,0,0,0,0,0,0,0,0,0,0
09/10/2015,2,0,0,0,0,3609,78863,4632,45154,25112,0,4,72822,10556,44361,0,0,74070,10580,45219,0,0,1,3,0,4,73570,11871,44580,0,0,74020,10591,44182,0,0,0,81477,5002,42720,0,0,0,0,0,0,0,0,0,0,0
10/10/2015,0,0,0,0,0,4725,76334,267,31588,26545,0,3,72822,10556,44361,0,0,74070,10580,45219,0,0,0,0,0,3,73570,11871,44580,0,0,74020,10591,44182,0,3,41,1654,1652,1653,0,0,0,0,0,0,0,0,0,0,0
11/10/2015,0,0,0,0,1,25,86240,38973,79580,13780,0,14,86333,52651,83379,8878,23,86210,11407,71200,24003,0,0,0,0,14,86333,52651,83379,8878,23,86210,11407,71200,24003,3,0,81477,5002,42720,0,0,0,0,0,0,0,0,0,0,0
12/10/2015,0,0,0,0,0,2,81741,4273,43548,0,0,1,72822,10556,44361,0,2,74070,10580,45219,0,0,0,3,1,2,73570,11871,44580,0,2,74020,10591,44182,0,21,16,85014,1495,41930,27095,0,0,0,0,0,0,0,0,0,0
13/10/2015,0,0,0,0,0,0,81928.95833,4117.958333,43423.375,816.75,0,0,72822,10556,44361,0,0,74070,10580,45219,0,0,0,0,0,0,73570,11871,44580,0,0,74020,10591,44182,0,0,0,85007.91667,1482.125,41864.91667,27060.75,0,0,0,0,0,0,0,0,0,0
14/10/2015,0,0,0,0,0,0,82116.91667,3962.916667,43298.75,1633.5,0,0,72822,10556,44361,0,0,74070,10580,45219,0,0,0,0,0,0,73570,11871,44580,0,0,74020,10591,44182,0,0,0,85001.83333,1469.25,41799.83333,27026.5,0,0,0,0,0,0,0,0,0,0
15/10/2015,0,0,0,0,0,0,82304.875,3807.875,43174.125,2450.25,0,0,72822,10556,44361,0,0,74070,10580,45219,0,0,0,0,0,0,73570,11871,44580,0,0,74020,10591,44182,0,0,0,84995.75,1456.375,41734.75,26992.25,0,0,0,0,0,0,0,0,0,0
16/10/2015,0,0,0,0,0,0,82492.83333,3652.833333,43049.5,3267,0,0,72822,10556,44361,0,0,74070,10580,45219,0,0,0,0,0,0,73570,11871,44580,0,0,74020,10591,44182,0,0,0,84989.66667,1443.5,41669.66667,26958,0,0,0,0,0,0,0,0,0,0
17/10/2015,0,0,0,0,0,0,82680.79167,3497.791667,42924.875,4083.75,0,0,72822,10556,44361,0,0,74070,10580,45219,0,0,0,0,0,0,73570,11871,44580,0,0,74020,10591,44182,0,0,0,84983.58333,1430.625,41604.58333,26923.75,0,0,0,0,0,0,0,0,0,0
18/10/2015,0,0,0,0,0,0,82868.75,3342.75,42800.25,4900.5,0,0,72822,10556,44361,0,0,74070,10580,45219,0,0,0,0,0,0,73570,11871,44580,0,0,74020,10591,44182,0,0,0,84977.5,1417.75,41539.5,26889.5,0,0,0,0,0,0,0,0,0,0
19/10/2015,0,0,0,0,0,0,83056.70833,3187.708333,42675.625,5717.25,0,0,72822,10556,44361,0,0,74070,10580,45219,0,0,0,0,0,0,73570,11871,44580,0,0,74020,10591,44182,0,0,0,84971.41667,1404.875,41474.41667,26855.25,0,0,0,0,0,0,0,0,0,0
20/10/2015,0,0,0,0,0,0,83244.66667,3032.666667,42551,6534,0,0,72822,10556,44361,0,0,74070,10580,45219,0,0,0,0,0,0,73570,11871,44580,0,0,74020,10591,44182,0,0,0,84965.33333,1392,41409.33333,26821,0,0,0,0,0,0,0,0,0,0
21/10/2015,0,0,0,0,0,0,83432.625,2877.625,42426.375,7350.75,0,0,72822,10556,44361,0,0,74070,10580,45219,0,0,0,0,0,0,73570,11871,44580,0,0,74020,10591,44182,0,0,0,84959.25,1379.125,41344.25,26786.75,0,0,0,0,0,0,0,0,0,0
22/10/2015,0,0,0,0,0,0,83620.58333,2722.583333,42301.75,8167.5,0,0,72822,10556,44361,0,0,74070,10580,45219,0,0,0,0,0,0,73570,11871,44580,0,0,74020,10591,44182,0,0,0,84953.16667,1366.25,41279.16667,26752.5,0,0,0,0,0,0,0,0,0,0
23/10/2015,0,0,0,0,0,0,83808.54167,2567.541667,42177.125,8984.25,0,0,72822,10556,44361,0,0,74070,10580,45219,0,0,0,0,0,0,73570,11871,44580,0,0,74020,10591,44182,0,0,0,84947.08333,1353.375,41214.08333,26718.25,0,0,0,0,0,0,0,0,0,0
24/10/2015,0,0,0,0,0,0,83996.5,2412.5,42052.5,9801,0,0,72822,10556,44361,0,0,74070,10580,45219,0,0,0,0,0,0,73570,11871,44580,0,0,74020,10591,44182,0,0,0,84941,1340.5,41149,26684,0,0,0,0,0,0,0,0,0,0
25/10/2015,0,0,0,0,0,0,84184.45833,2257.458333,41927.875,10617.75,0,0,72822,10556,44361,0,0,74070,10580,45219,0,0,0,0,0,0,73570,11871,44580,0,0,74020,10591,44182,0,0,0,84934.91667,1327.625,41083.91667,26649.75,0,0,0,0,0,0,0,0,0,0
26/10/2015,0,0,0,0,0,0,84372.41667,2102.416667,41803.25,11434.5,0,0,72822,10556,44361,0,0,74070,10580,45219,0,0,0,0,0,0,73570,11871,44580,0,0,74020,10591,44182,0,0,0,84928.83333,1314.75,41018.83333,26615.5,0,0,0,0,0,0,0,0,0,0
27/10/2015,0,0,0,0,0,0,84560.375,1947.375,41678.625,12251.25,0,0,72822,10556,44361,0,0,74070,10580,45219,0,0,0,0,0,0,73570,11871,44580,0,0,74020,10591,44182,0,0,0,84922.75,1301.875,40953.75,26581.25,0,0,0,0,0,0,0,0,0,0
28/10/2015,0,0,0,0,0,0,84748.33333,1792.333333,41554,13068,0,0,72822,10556,44361,0,0,74070,10580,45219,0,0,0,0,0,0,73570,11871,44580,0,0,74020,10591,44182,0,0,0,84916.66667,1289,40888.66667,26547,0,0,0,0,0,0,0,0,0,0
29/10/2015,0,0,0,0,0,0,84936.29167,1637.291667,41429.375,13884.75,0,0,72822,10556,44361,0,0,74070,10580,45219,0,0,0,0,0,0,73570,11871,44580,0,0,74020,10591,44182,0,0,0,84910.58333,1276.125,40823.58333,26512.75,0,0,0,0,0,0,0,0,0,0
30/10/2015,0,0,0,0,0,0,85124.25,1482.25,41304.75,14701.5,0,0,72822,10556,44361,0,0,74070,10580,45219,0,0,0,0,0,0,73570,11871,44580,0,0,74020,10591,44182,0,0,0,84904.5,1263.25,40758.5,26478.5,0,0,0,0,0,0,0,0,0,0
31/10/2015,0,0,0,0,0,0,85312.20833,1327.208333,41180.125,15518.25,0,0,72822,10556,44361,0,0,74070,10580,45219,0,0,0,0,0,0,73570,11871,44580,0,0,74020,10591,44182,0,0,0,84898.41667,1250.375,40693.41667,26444.25,0,0,0,0,0,0,0,0,0,0
01/11/2015,0,0,0,0,0,0,85500.16667,1172.166667,41055.5,16335,0,0,72822,10556,44361,0,0,74070,10580,45219,0,0,0,0,0,0,73570,11871,44580,0,0,74020,10591,44182,0,0,0,84892.33333,1237.5,40628.33333,26410,0,0,0,0,0,0,0,0,0,0
02/11/2015,0,0,0,0,0,0,85688.125,1017.125,40930.875,17151.75,0,0,72822,10556,44361,0,0,74070,10580,45219,0,0,0,0,0,0,73570,11871,44580,0,0,74020,10591,44182,0,0,0,84886.25,1224.625,40563.25,26375.75,0,0,0,0,0,0,0,0,0,0
03/11/2015,0,0,0,0,0,0,85876.08333,862.0833333,40806.25,17968.5,0,0,72822,10556,44361,0,0,74070,10580,45219,0,0,0,0,0,0,73570,11871,44580,0,0,74020,10591,44182,0,0,0,84880.16667,1211.75,40498.16667,26341.5,0,0,0,0,0,0,0,0,0,0
04/11/2015,0,0,0,0,0,0,86064.04167,707.0416667,40681.625,18785.25,0,0,72822,10556,44361,0,0,74070,10580,45219,0,0,0,0,0,0,73570,11871,44580,0,0,74020,10591,44182,0,0,0,84874.08333,1198.875,40433.08333,26307.25,0,0,0,0,0,0,0,0,0,0
05/11/2015,0,0,0,0,0,1767,86252,552,40557,19602,0,4,72822,10556,44361,0,4,74070,10580,45219,0,0,0,0,0,4,73570,11871,44580,0,4,74020,10591,44182,0,0,135,84868,1186,40368,26273,0,0,0,0,0,0,0,0,0,0
06/11/2015,3,0,0,0,0,2814,84057,2532,33446,23180,0,3,72822,10556,44361,0,11,84053,4624,28645,34340,0,0,0,0,3,73570,11871,44580,0,11,84053,4624,28645,34340,8,1086,85518,760,38284,16277,0,0,0,0,0,0,0,0,0,0
07/11/2015,0,0,0,0,0,2193,86120,7281,49680,12697,0,2,72822,10556,44361,0,18,86113,7240,55399,28856,0,0,0,0,2,73570,11871,44580,0,18,86113,7240,55399,28856,0,482,85018,291,43241,25881,0,0,0,0,0,0,0,0,0,0
08/11/2015,0,0,0,0,0,1920,75777,10402,54804,20337,0,2,72822,10556,44361,0,10,37752,24002,25917,4179,1,0,0,0,3,73570,11871,44580,0,10,37752,24002,25917,4179,0,10,49932,1061,24874,19533,0,0,0,0,0,0,0,0,0,0
09/11/2015,2,0,0,0,0,3464,80756,1950,38901,26128,0,1,72822,10556,44361,0,2,74070,10580,45219,0,0,0,2,0,1,73570,11871,44580,0,2,74020,10591,44182,0,2,67,72172,64510,67076,1635,0,0,0,0,0,0,0,0,0,0
10/11/2015,0,0,0,0,0,1746,79933,1942,47019,22073,0,4,72822,10556,44361,0,0,74070,10580,45219,0,0,0,0,1,4,73570,11871,44580,0,0,74020,10591,44182,0,0,0,81477,5002,42720,0,0,0,0,0,0,0,0,0,0,0
11/11/2015,0,0,0,0,0,9,59919,10734,30961,18518,0,4,72822,10556,44361,0,6,59890,11881,30527,19584,0,0,1,1,4,73570,11871,44580,0,6,59890,11881,30527,19584,1,2,81477,5002,42720,0,0,0,0,0,0,0,0,0,0,0
12/11/2015,0,0,0,0,0,3,81741,4273,43548,0,0,1,72822,10556,44361,0,1,74070,10580,45219,0,0,0,0,0,1,73570,11871,44580,0,1,74020,10591,44182,0,1,12,85332,19057,54889,19874,1,0,0,0,0,0,0,0,0,0
13/11/2015,0,0,0,0,0,0,81936.13043,4135.043478,43323.34783,1195.913043,0,0,73399,10338.52174,45181.6087,1346.478261,0,74591.52174,10239.6087,46278.82609,974.2608696,0,0,0,0,0,74114.47826,11596.34783,45391.08696,1346.478261,0,74543.69565,10250.13043,45286.91304,974.2608696,0,0,85363.47826,18276.56522,55790.26087,19419.6087,0,0,0,0,0,0,0,0,0,0
14/11/2015,0,0,0,0,0,0,82131.26087,3997.086957,43098.69565,2391.826087,0,0,73976,10121.04348,46002.21739,2692.956522,0,75113.04348,9899.217391,47338.65217,1948.521739,0,0,0,0,0,74658.95652,11321.69565,46202.17391,2692.956522,0,75067.3913,9909.26087,46391.82609,1948.521739,0,0,85394.95652,17496.13043,56691.52174,18965.21739,0,0,0,0,0,0,0,0,0,0
15/11/2015,0,0,0,0,0,0,82326.3913,3859.130435,42874.04348,3587.73913,0,0,74553,9903.565217,46822.82609,4039.434783,0,75634.56522,9558.826087,48398.47826,2922.782609,0,0,0,0,0,75203.43478,11047.04348,47013.26087,4039.434783,0,75591.08696,9568.391304,47496.73913,2922.782609,0,0,85426.43478,16715.69565,57592.78261,18510.82609,0,0,0,0,0,0,0,0,0,0
16/11/2015,0,0,0,0,0,0,82521.52174,3721.173913,42649.3913,4783.652174,0,0,75130,9686.086957,47643.43478,5385.913043,0,76156.08696,9218.434783,49458.30435,3897.043478,0,0,0,0,0,75747.91304,10772.3913,47824.34783,5385.913043,0,76114.78261,9227.521739,48601.65217,3897.043478,0,0,85457.91304,15935.26087,58494.04348,18056.43478,0,0,0,0,0,0,0,0,0,0
17/11/2015,0,0,0,0,0,0,82716.65217,3583.217391,42424.73913,5979.565217,0,0,75707,9468.608696,48464.04348,6732.391304,0,76677.6087,8878.043478,50518.13043,4871.304348,0,0,0,0,0,76292.3913,10497.73913,48635.43478,6732.391304,0,76638.47826,8886.652174,49706.56522,4871.304348,0,0,85489.3913,15154.82609,59395.30435,17602.04348,0,0,0,0,0,0,0,0,0,0
18/11/2015,0,0,0,0,0,0,82911.78261,3445.26087,42200.08696,7175.478261,0,0,76284,9251.130435,49284.65217,8078.869565,0,77199.13043,8537.652174,51577.95652,5845.565217,0,0,0,0,0,76836.86957,10223.08696,49446.52174,8078.869565,0,77162.17391,8545.782609,50811.47826,5845.565217,0,0,85520.86957,14374.3913,60296.56522,17147.65217,0,0,0,0,0,0,0,0,0,0
19/11/2015,0,0,0,0,0,0,83106.91304,3307.304348,41975.43478,8371.391304,0,0,76861,9033.652174,50105.26087,9425.347826,0,77720.65217,8197.26087,52637.78261,6819.826087,0,0,0,0,0,77381.34783,9948.434783,50257.6087,9425.347826,0,77685.86957,8204.913043,51916.3913,6819.826087,0,0,85552.34783,13593.95652,61197.82609,16693.26087,0,0,0,0,0,0,0,0,0,0
20/11/2015,0,0,0,0,0,0,83302.04348,3169.347826,41750.78261,9567.304348,0,0,77438,8816.173913,50925.86957,10771.82609,0,78242.17391,7856.869565,53697.6087,7794.086957,0,0,0,0,0,77925.82609,9673.782609,51068.69565,10771.82609,0,78209.56522,7864.043478,53021.30435,7794.086957,0,0,85583.82609,12813.52174,62099.08696,16238.86957,0,0,0,0,0,0,0,0,0,1
21/11/2015,0,0,0,0,0,0,83497.17391,3031.391304,41526.13043,10763.21739,0,0,78015,8598.695652,51746.47826,12118.30435,0,78763.69565,7516.478261,54757.43478,8768.347826,0,0,0,0,0,78470.30435,9399.130435,51879.78261,12118.30435,0,78733.26087,7523.173913,54126.21739,8768.347826,0,0,85615.30435,12033.08696,63000.34783,15784.47826,0,0,0,0,0,0,0,0,0,0
22/11/2015,0,0,0,0,0,0,83692.30435,2893.434783,41301.47826,11959.13043,0,0,78592,8381.217391,52567.08696,13464.78261,0,79285.21739,7176.086957,55817.26087,9742.608696,0,0,0,0,0,79014.78261,9124.478261,52690.86957,13464.78261,0,79256.95652,7182.304348,55231.13043,9742.608696,0,0,85646.78261,11252.65217,63901.6087,15330.08696,0,0,0,0,0,0,0,0,0,0
23/11/2015,0,0,0,0,0,0,83887.43478,2755.478261,41076.82609,13155.04348,0,0,79169,8163.73913,53387.69565,14811.26087,0,79806.73913,6835.695652,56877.08696,10716.86957,0,0,0,0,0,79559.26087,8849.826087,53501.95652,14811.26087,0,79780.65217,6841.434783,56336.04348,10716.86957,0,0,85678.26087,10472.21739,64802.86957,14875.69565,0,0,0,0,0,0,0,0,0,0
24/11/2015,0,0,0,0,0,0,84082.56522,2617.521739,40852.17391,14350.95652,0,0,79746,7946.26087,54208.30435,16157.73913,0,80328.26087,6495.304348,57936.91304,11691.13043,0,0,0,0,0,80103.73913,8575.173913,54313.04348,16157.73913,0,80304.34783,6500.565217,57440.95652,11691.13043,0,0,85709.73913,9691.782609,65704.13043,14421.30435,0,0,0,0,0,0,0,0,0,0
25/11/2015,0,0,0,0,0,0,84277.69565,2479.565217,40627.52174,15546.86957,0,0,80323,7728.782609,55028.91304,17504.21739,0,80849.78261,6154.913043,58996.73913,12665.3913,0,0,0,0,0,80648.21739,8300.521739,55124.13043,17504.21739,0,80828.04348,6159.695652,58545.86957,12665.3913,0,0,85741.21739,8911.347826,66605.3913,13966.91304,0,0,0,0,0,0,0,0,0,0
26/11/2015,0,0,0,0,0,0,84472.82609,2341.608696,40402.86957,16742.78261,0,0,80900,7511.304348,55849.52174,18850.69565,0,81371.30435,5814.521739,60056.56522,13639.65217,0,0,0,0,0,81192.69565,8025.869565,55935.21739,18850.69565,0,81351.73913,5818.826087,59650.78261,13639.65217,0,0,85772.69565,8130.913043,67506.65217,13512.52174,0,0,0,0,0,0,0,0,0,0
27/11/2015,0,0,0,0,0,0,84667.95652,2203.652174,40178.21739,17938.69565,0,0,81477,7293.826087,56670.13043,20197.17391,0,81892.82609,5474.130435,61116.3913,14613.91304,0,0,0,0,0,81737.17391,7751.217391,56746.30435,20197.17391,0,81875.43478,5477.956522,60755.69565,14613.91304,0,0,85804.17391,7350.478261,68407.91304,13058.13043,0,0,0,0,0,0,0,0,0,0
28/11/2015,0,0,0,0,0,0,84863.08696,2065.695652,39953.56522,19134.6087,0,0,82054,7076.347826,57490.73913,21543.65217,0,82414.34783,5133.73913,62176.21739,15588.17391,0,0,0,0,0,82281.65217,7476.565217,57557.3913,21543.65217,0,82399.13043,5137.086957,61860.6087,15588.17391,0,0,85835.65217,6570.043478,69309.17391,12603.73913,0,0,0,0,0,0,0,0,0,0
29/11/2015,0,0,0,0,0,0,85058.21739,1927.73913,39728.91304,20330.52174,0,0,82631,6858.869565,58311.34783,22890.13043,0,82935.86957,4793.347826,63236.04348,16562.43478,0,0,0,0,0,82826.13043,7201.913043,58368.47826,22890.13043,0,82922.82609,4796.217391,62965.52174,16562.43478,0,0,85867.13043,5789.608696,70210.43478,12149.34783,0,0,0,0,0,0,0,0,0,0
30/11/2015,0,0,0,0,0,0,85253.34783,1789.782609,39504.26087,21526.43478,0,0,83208,6641.391304,59131.95652,24236.6087,0,83457.3913,4452.956522,64295.86957,17536.69565,0,0,0,0,0,83370.6087,6927.26087,59179.56522,24236.6087,0,83446.52174,4455.347826,64070.43478,17536.69565,0,0,85898.6087,5009.173913,71111.69565,11694.95652,0,0,0,0,0,0,0,0,0,0
01/12/2015,0,0,0,0,0,0,85448.47826,1651.826087,39279.6087,22722.34783,0,0,83785,6423.913043,59952.56522,25583.08696,0,83978.91304,4112.565217,65355.69565,18510.95652,0,0,0,0,0,83915.08696,6652.608696,59990.65217,25583.08696,0,83970.21739,4114.478261,65175.34783,18510.95652,0,0,85930.08696,4228.73913,72012.95652,11240.56522,0,0,0,0,0,0,0,0,0,0
02/12/2015,0,0,0,0,0,0,85643.6087,1513.869565,39054.95652,23918.26087,0,0,84362,6206.434783,60773.17391,26929.56522,0,84500.43478,3772.173913,66415.52174,19485.21739,0,0,0,0,0,84459.56522,6377.956522,60801.73913,26929.56522,0,84493.91304,3773.608696,66280.26087,19485.21739,0,0,85961.56522,3448.304348,72914.21739,10786.17391,0,0,0,0,0,0,0,0,0,0
03/12/2015,0,0,0,0,0,0,85838.73913,1375.913043,38830.30435,25114.17391,0,0,84939,5988.956522,61593.78261,28276.04348,0,85021.95652,3431.782609,67475.34783,20459.47826,0,0,0,0,0,85004.04348,6103.304348,61612.82609,28276.04348,0,85017.6087,3432.73913,67385.17391,20459.47826,0,0,85993.04348,2667.869565,73815.47826,10331.78261,0,0,0,0,0,0,0,0,0,0
04/12/2015,0,0,0,0,0,0,86033.86957,1237.956522,38605.65217,26310.08696,0,0,85516,5771.478261,62414.3913,29622.52174,0,85543.47826,3091.391304,68535.17391,21433.73913,0,0,0,0,0,85548.52174,5828.652174,62423.91304,29622.52174,0,85541.30435,3091.869565,68490.08696,21433.73913,0,0,86024.52174,1887.434783,74716.73913,9877.391304,0,0,0,0,0,0,0,0,0,0
05/12/2015,0,0,0,0,0,3062,86229,1100,38381,27506,0,6,86093,5554,63235,30969,11,86065,2751,69595,22408,0,0,0,0,6,86093,5554,63235,30969,11,86065,2751,69595,22408,0,5296,86056,1107,75618,9423,0,0,0,0,0,0,0,0,0,0
06/12/2015,2,1,0,0,1,2687,78370,6668,44631,29729,0,2,72822,10556,44361,0,14,77762,33019,54138,17863,0,0,0,0,2,73570,11871,44580,0,16,77762,33019,54012,16633,0,667,84926,28,48810,22924,0,0,0,0,0,0,0,0,0,0
07/12/2015,1,0,0,0,0,2556,79677,4285,48757,25931,0,8,66061,47522,53238,7848,43,74325,9551,64356,14867,0,1,1,1,9,66061,47227,52570,7610,43,74325,9551,64356,14867,0,576,84942,1199,43342,22778,0,0,0,0,0,0,0,0,0,0
08/12/2015,0,0,0,0,0,1719,80693,6233,43341,20678,0,8,70421,7215,52088,28537,7,53695,7247,37015,20705,0,0,0,0,8,70421,7215,52088,28537,7,53695,7247,37015,20705,0,1237,85247,25963,50679,8907,0,0,0,0,0,0,0,0,0,0
09/12/2015,3,0,0,0,3,3450,78475,16507,48898,23203,0,5,78439,28295,53459,19821,1,74070,10580,45219,0,0,0,0,0,5,78439,28295,53459,19821,1,74020,10591,44182,0,0,0,81477,5002,42720,0,0,0,0,0,0,0,0,0,0,0
10/12/2015,0,0,0,0,0,2401,84399,10561,45549,24020,0,1,72822,10556,44361,0,1,74070,10580,45219,0,0,0,0,1,1,73570,11871,44580,0,1,74020,10591,44182,0,2,45,72251,10563,12346,9540,0,0,0,0,0,0,0,0,0,0
11/12/2015,0,0,0,0,0,13,80534,12535,32505,24681,0,6,80527,23238,47111,25380,6,76206,12541,29576,24109,0,0,4,1,6,80527,23238,47111,25380,7,76206,12541,27159,22919,1,1,81477,5002,42720,0,0,0,0,0,0,0,0,0,0,0
12/12/2015,0,0,0,0,0,2,81741,4273,43548,0,0,3,72822,10556,44361,0,1,74070,10580,45219,0,0,0,0,0,4,73570,11871,44580,0,1,74020,10591,44182,0,2,17,72986,7788,46411,18554,0,0,0,0,0,0,0,0,0,0
13/12/2015,0,0,0,0,0,0,81205.1,4079.05,43093.85,1441.5,0,0,72822,10556,44361,0,0,74070,10580,45219,0,0,0,0,0,0,73570,11871,44580,0,0,74020,10591,44182,0,0,0,73410.55,7648.7,46226.45,17626.3,0,0,0,0,0,0,0,0,0,0
14/12/2015,0,0,0,0,0,0,80669.2,3885.1,42639.7,2883,0,0,72822,10556,44361,0,0,74070,10580,45219,0,0,0,0,0,0,73570,11871,44580,0,0,74020,10591,44182,0,0,0,73835.1,7509.4,46041.9,16698.6,0,0,0,0,0,0,0,0,0,0
15/12/2015,0,0,0,0,0,0,80133.3,3691.15,42185.55,4324.5,0,0,72822,10556,44361,0,0,74070,10580,45219,0,0,0,0,0,0,73570,11871,44580,0,0,74020,10591,44182,0,0,0,74259.65,7370.1,45857.35,15770.9,0,0,0,0,0,0,0,0,0,0
16/12/2015,0,0,0,0,0,0,79597.4,3497.2,41731.4,5766,0,0,72822,10556,44361,0,0,74070,10580,45219,0,0,0,0,0,0,73570,11871,44580,0,0,74020,10591,44182,0,0,0,74684.2,7230.8,45672.8,14843.2,0,0,0,0,0,0,0,0,0,0
17/12/2015,0,0,0,0,0,0,79061.5,3303.25,41277.25,7207.5,0,0,72822,10556,44361,0,0,74070,10580,45219,0,0,0,0,0,0,73570,11871,44580,0,0,74020,10591,44182,0,0,0,75108.75,7091.5,45488.25,13915.5,0,0,0,0,0,0,0,0,0,0
18/12/2015,0,0,0,0,0,0,78525.6,3109.3,40823.1,8649,0,0,72822,10556,44361,0,0,74070,10580,45219,0,0,0,0,0,0,73570,11871,44580,0,0,74020,10591,44182,0,0,0,75533.3,6952.2,45303.7,12987.8,0,0,0,0,0,0,0,0,0,0
19/12/2015,0,0,0,0,0,0,77989.7,2915.35,40368.95,10090.5,0,0,72822,10556,44361,0,0,74070,10580,45219,0,0,0,0,0,0,73570,11871,44580,0,0,74020,10591,44182,0,0,0,75957.85,6812.9,45119.15,12060.1,0,0,0,0,0,0,0,0,0,0
20/12/2015,0,0,0,0,0,0,77453.8,2721.4,39914.8,11532,0,0,72822,10556,44361,0,0,74070,10580,45219,0,0,0,0,0,0,73570,11871,44580,0,0,74020,10591,44182,0,0,0,76382.4,6673.6,44934.6,11132.4,0,0,0,0,0,0,0,0,0,0
21/12/2015,0,0,0,0,0,0,76917.9,2527.45,39460.65,12973.5,0,0,72822,10556,44361,0,0,74070,10580,45219,0,0,0,0,0,0,73570,11871,44580,0,0,74020,10591,44182,0,0,0,76806.95,6534.3,44750.05,10204.7,0,0,0,0,0,0,0,0,0,1
22/12/2015,0,0,0,0,0,0,76382,2333.5,39006.5,14415,0,0,72822,10556,44361,0,0,74070,10580,45219,0,0,0,0,0,0,73570,11871,44580,0,0,74020,10591,44182,0,0,0,77231.5,6395,44565.5,9277,0,0,0,0,0,0,0,0,0,0
23/12/2015,0,0,0,0,0,0,75846.1,2139.55,38552.35,15856.5,0,0,72822,10556,44361,0,0,74070,10580,45219,0,0,0,0,0,0,73570,11871,44580,0,0,74020,10591,44182,0,0,0,77656.05,6255.7,44380.95,8349.3,0,0,0,0,0,0,0,0,0,0
24/12/2015,0,0,0,0,0,0,75310.2,1945.6,38098.2,17298,0,0,72822,10556,44361,0,0,74070,10580,45219,0,0,0,0,0,0,73570,11871,44580,0,0,74020,10591,44182,0,0,0,78080.6,6116.4,44196.4,7421.6,0,0,0,0,0,0,0,0,0,0
25/12/2015,0,0,0,0,0,0,74774.3,1751.65,37644.05,18739.5,0,0,72822,10556,44361,0,0,74070,10580,45219,0,0,0,0,0,0,73570,11871,44580,0,0,74020,10591,44182,0,0,0,78505.15,5977.1,44011.85,6493.9,0,0,0,0,0,0,0,0,0,0
26/12/2015,0,0,0,0,0,0,74238.4,1557.7,37189.9,20181,0,0,72822,10556,44361,0,0,74070,10580,45219,0,0,0,0,0,0,73570,11871,44580,0,0,74020,10591,44182,0,0,0,78929.7,5837.8,43827.3,5566.2,0,0,0,0,0,0,0,0,0,0
27/12/2015,0,0,0,0,0,0,73702.5,1363.75,36735.75,21622.5,0,0,72822,10556,44361,0,0,74070,10580,45219,0,0,0,0,0,0,73570,11871,44580,0,0,74020,10591,44182,0,0,0,79354.25,5698.5,43642.75,4638.5,0,0,0,0,0,0,0,0,0,0
28/12/2015,0,0,0,0,0,0,73166.6,1169.8,36281.6,23064,0,0,72822,10556,44361,0,0,74070,10580,45219,0,0,0,0,0,0,73570,11871,44580,0,0,74020,10591,44182,0,0,0,79778.8,5559.2,43458.2,3710.8,0,0,0,0,0,0,0,0,0,0
29/12/2015,0,0,0,0,0,0,72630.7,975.85,35827.45,24505.5,0,0,72822,10556,44361,0,0,74070,10580,45219,0,0,0,0,0,0,73570,11871,44580,0,0,74020,10591,44182,0,0,0,80203.35,5419.9,43273.65,2783.1,0,0,0,0,0,0,0,0,0,0
30/12/2015,0,0,0,0,0,0,72094.8,781.9,35373.3,25947,0,0,72822,10556,44361,0,0,74070,10580,45219,0,0,0,0,0,0,73570,11871,44580,0,0,74020,10591,44182,0,0,0,80627.9,5280.6,43089.1,1855.4,0,0,0,0,0,0,0,0,0,0
31/12/2015,0,0,0,0,0,0,71558.9,587.95,34919.15,27388.5,0,0,72822,10556,44361,0,0,74070,10580,45219,0,0,0,0,0,0,73570,11871,44580,0,0,74020,10591,44182,0,0,0,81052.45,5141.3,42904.55,927.7,0,0,0,0,0,0,0,0,0,0
01/01/2016,0,0,0,0,0,7,71023,394,34465,28830,0,4,72822,10556,44361,0,2,74070,10580,45219,0,0,0,0,1,4,73570,11871,44580,0,2,74020,10591,44182,0,0,1,81477,5002,42720,0,0,0,0,0,0,0,0,0,0,0
02/01/2016,0,0,0,0,0,18,84422,2488,31799,22636,0,6,65665,11317,43921,19360,11,76608,2481,30323,23291,0,1,0,5,7,65665,11317,39264,21544,11,76608,2481,30323,23291,2,8,85831,22331,53418,24734,0,0,0,0,0,0,0,0,0,0
03/01/2016,3,0,0,0,0,34,85974,2227,46834,26944,0,3,72822,10556,44361,0,1,74070,10580,45219,0,0,0,0,0,3,73570,11871,44580,0,1,74020,10591,44182,0,2,4,81477,5002,42720,0,0,0,1,0,4,12,22,12,386,0
04/01/2016,3,0,0,0,1,16,83662,1854,42232,32361,0,10,64652,24181,34880,13386,4,74070,10580,45219,0,0,0,1,1,12,83437,19966,37684,19303,5,64722,31218,38134,14865,0,2,81477,5002,42720,0,0,0,1,0,3,1,10,4,159,0
05/01/2016,0,0,0,2,0,34,81116,5184,59399,17880,0,9,84972,14742,44361,31958,2,74070,10580,45219,0,0,1,0,5,9,84972,14742,44361,31958,2,74020,10591,44182,0,9,12,82417,25021,54991,17274,0,0,0,0,0,2,0,0,32,1
06/01/2016,0,0,0,0,0,1,81741,4273,43548,0,0,2,72822,10556,44361,0,0,74070,10580,45219,0,0,0,0,0,2,73570,11871,44580,0,0,74020,10591,44182,0,1,14,74498,11572,40360,25685,0,0,0,0,0,0,0,2,27,0
07/01/2016,0,0,0,0,0,12,82490,289,29163,25128,0,3,72822,10556,44361,0,4,74070,10580,45219,0,0,0,20,8,3,73570,11871,44580,0,4,74020,10591,44182,0,0,0,81477,5002,42720,0,0,0,2,0,0,0,0,0,0,0
08/01/2016,0,0,0,0,0,7,33211,62,8490,11822,0,1,72822,10556,44361,0,5,33156,3686,16881,12686,0,0,0,0,1,73570,11871,44580,0,5,33156,3686,16881,12686,0,4,81477,5002,42720,0,0,0,0,0,0,0,0,0,0,0
09/01/2016,0,0,0,0,0,6,79856,9648,46534,31894,0,3,72822,10556,44361,0,5,75576,9661,47297,27018,0,0,0,0,3,73570,11871,44580,0,5,75576,9661,47297,27018,0,20,82819,2445,34327,23581,0,0,0,0,0,0,0,0,0,0
10/01/2016,0,0,0,0,0,4,81741,4273,43548,0,0,2,72822,10556,44361,0,3,74070,10580,45219,0,0,0,0,0,2,73570,11871,44580,0,3,74020,10591,44182,0,1,2,81477,5002,42720,0,0,0,2,0,0,0,0,0,0,0
11/01/2016,0,5,0,0,0,7,79839,15266,53110,19522,0,3,72822,10556,44361,0,8,63565,25795,45697,13814,0,0,0,0,3,73570,11871,44580,0,10,63565,25795,45667,12280,0,33,82353,3643,44089,18986,0,0,0,0,0,0,0,0,0,0
12/01/2016,0,0,0,0,0,8,74385,2233,43416,25623,0,1,72822,10556,44361,0,3,74070,10580,45219,0,0,0,0,0,1,73570,11871,44580,0,3,74020,10591,44182,0,0,13,41488,289,9071,10543,0,0,0,0,0,0,0,0,0,0
13/01/2016,0,0,0,0,0,0,73846.75,2590.15,43307.75,25334.5,0,0,72822,10556,44361,0,0,74070,10580,45219,0,0,0,0,0,0,73570,11871,44580,0,0,74020,10591,44182,0,0,0,43487.45,524.65,10753.45,10015.85,0,0,0,0,0,0,0,0,0,0
14/01/2016,0,0,0,0,0,0,73308.5,2947.3,43199.5,25046,0,0,72822,10556,44361,0,0,74070,10580,45219,0,0,0,0,0,0,73570,11871,44580,0,0,74020,10591,44182,0,0,0,45486.9,760.3,12435.9,9488.7,0,0,0,0,0,0,0,0,0,0
15/01/2016,0,0,0,0,0,0,72770.25,3304.45,43091.25,24757.5,0,0,72822,10556,44361,0,0,74070,10580,45219,0,0,0,0,0,0,73570,11871,44580,0,0,74020,10591,44182,0,0,0,47486.35,995.95,14118.35,8961.55,0,0,0,0,0,0,0,0,0,0
16/01/2016,0,0,0,0,0,0,72232,3661.6,42983,24469,0,0,72822,10556,44361,0,0,74070,10580,45219,0,0,0,0,0,0,73570,11871,44580,0,0,74020,10591,44182,0,0,0,49485.8,1231.6,15800.8,8434.4,0,0,0,0,0,0,0,0,0,0
17/01/2016,0,0,0,0,0,0,71693.75,4018.75,42874.75,24180.5,0,0,72822,10556,44361,0,0,74070,10580,45219,0,0,0,0,0,0,73570,11871,44580,0,0,74020,10591,44182,0,0,0,51485.25,1467.25,17483.25,7907.25,0,0,0,0,0,0,0,0,0,0
18/01/2016,0,0,0,0,0,0,71155.5,4375.9,42766.5,23892,0,0,72822,10556,44361,0,0,74070,10580,45219,0,0,0,0,0,0,73570,11871,44580,0,0,74020,10591,44182,0,0,0,53484.7,1702.9,19165.7,7380.1,0,0,0,0,0,0,0,0,0,0
19/01/2016,0,0,0,0,0,0,70617.25,4733.05,42658.25,23603.5,0,0,72822,10556,44361,0,0,74070,10580,45219,0,0,0,0,0,0,73570,11871,44580,0,0,74020,10591,44182,0,0,0,55484.15,1938.55,20848.15,6852.95,0,0,0,0,0,0,0,0,0,0
20/01/2016,0,0,0,0,0,0,70079,5090.2,42550,23315,0,0,72822,10556,44361,0,0,74070,10580,45219,0,0,0,0,0,0,73570,11871,44580,0,0,74020,10591,44182,0,0,0,57483.6,2174.2,22530.6,6325.8,0,0,0,0,0,0,0,0,0,0
21/01/2016,0,0,0,0,0,0,69540.75,5447.35,42441.75,23026.5,0,0,72822,10556,44361,0,0,74070,10580,45219,0,0,0,0,0,0,73570,11871,44580,0,0,74020,10591,44182,0,0,0,59483.05,2409.85,24213.05,5798.65,0,0,0,0,0,0,0,0,0,0
22/01/2016,0,0,0,0,0,0,69002.5,5804.5,42333.5,22738,0,0,72822,10556,44361,0,0,74070,10580,45219,0,0,0,0,0,0,73570,11871,44580,0,0,74020,10591,44182,0,0,0,61482.5,2645.5,25895.5,5271.5,0,0,0,0,0,0,0,0,0,0
23/01/2016,0,0,0,0,0,0,68464.25,6161.65,42225.25,22449.5,0,0,72822,10556,44361,0,0,74070,10580,45219,0,0,0,0,0,0,73570,11871,44580,0,0,74020,10591,44182,0,0,0,63481.95,2881.15,27577.95,4744.35,0,0,0,0,0,0,0,0,0,0
24/01/2016,0,0,0,0,0,0,67926,6518.8,42117,22161,0,0,72822,10556,44361,0,0,74070,10580,45219,0,0,0,0,0,0,73570,11871,44580,0,0,74020,10591,44182,0,0,0,65481.4,3116.8,29260.4,4217.2,0,0,0,0,0,0,0,0,0,0
25/01/2016,0,0,0,0,0,0,67387.75,6875.95,42008.75,21872.5,0,0,72822,10556,44361,0,0,74070,10580,45219,0,0,0,0,0,0,73570,11871,44580,0,0,74020,10591,44182,0,0,0,67480.85,3352.45,30942.85,3690.05,0,0,0,0,0,0,0,0,0,0
26/01/2016,0,0,0,0,0,0,66849.5,7233.1,41900.5,21584,0,0,72822,10556,44361,0,0,74070,10580,45219,0,0,0,0,0,0,73570,11871,44580,0,0,74020,10591,44182,0,0,0,69480.3,3588.1,32625.3,3162.9,0,0,0,0,0,0,0,0,0,1
27/01/2016,0,0,0,0,0,0,66311.25,7590.25,41792.25,21295.5,0,0,72822,10556,44361,0,0,74070,10580,45219,0,0,0,0,0,0,73570,11871,44580,0,0,74020,10591,44182,0,0,0,71479.75,3823.75,34307.75,2635.75,0,0,0,0,0,0,0,0,0,0
28/01/2016,0,0,0,0,0,0,65773,7947.4,41684,21007,0,0,72822,10556,44361,0,0,74070,10580,45219,0,0,0,0,0,0,73570,11871,44580,0,0,74020,10591,44182,0,0,0,73479.2,4059.4,35990.2,2108.6,0,0,0,0,0,0,0,0,0,0
29/01/2016,0,0,0,0,0,0,65234.75,8304.55,41575.75,20718.5,0,0,72822,10556,44361,0,0,74070,10580,45219,0,0,0,0,0,0,73570,11871,44580,0,0,74020,10591,44182,0,0,0,75478.65,4295.05,37672.65,1581.45,0,0,0,0,0,0,0,0,0,0
30/01/2016,0,0,0,0,0,0,64696.5,8661.7,41467.5,20430,0,0,72822,10556,44361,0,0,74070,10580,45219,0,0,0,0,0,0,73570,11871,44580,0,0,74020,10591,44182,0,0,0,77478.1,4530.7,39355.1,1054.3,0,0,0,0,0,0,0,0,0,0
31/01/2016,0,0,0,0,0,0,64158.25,9018.85,41359.25,20141.5,0,0,72822,10556,44361,0,0,74070,10580,45219,0,0,0,0,0,0,73570,11871,44580,0,0,74020,10591,44182,0,0,0,79477.55,4766.35,41037.55,527.15,0,0,0,0,0,0,0,0,0,0
01/02/2016,0,0,0,0,0,5,63620,9376,41251,19853,0,4,72822,10556,44361,0,1,74070,10580,45219,0,0,0,0,0,4,73570,11871,44580,0,1,74020,10591,44182,0,0,4,81477,5002,42720,0,2,0,0,0,0,0,0,0,0,0
02/02/2016,0,0,0,0,0,17,71519,22156,38150,16669,0,5,48440,2521,29513,19389,7,71519,888,15358,26100,0,2,0,2,6,48440,2521,30344,17461,7,71519,888,15358,26100,4,12,56858,6097,39270,14686,0,0,0,0,9,13,7,14,559,1
03/02/2016,13,0,0,0,0,19,81327,11517,59876,21600,0,3,72822,10556,44361,0,0,74070,10580,45219,0,0,0,0,0,3,73570,11871,44580,0,2,74020,10591,44182,0,0,15,86308,676,29932,33046,0,0,0,0,4,7,2,4,153,0
04/02/2016,0,0,0,0,0,4,81741,4273,43548,0,0,3,72822,10556,44361,0,0,74070,10580,45219,0,0,0,0,2,5,81003,309,37994,33694,0,74020,10591,44182,0,0,0,81477,5002,42720,0,0,0,0,0,0,0,0,0,39,1
05/02/2016,0,0,0,5,0,16,79393,16366,50460,19356,0,5,80044,7175,44497,28916,1,74070,10580,45219,0,0,0,1,17,5,80044,7175,44497,28916,1,74020,10591,44182,0,5,6,37706,5039,16164,11278,0,0,2,0,0,0,0,2,44,0
06/02/2016,1,0,0,0,1,6,52405,4524,16253,19817,0,4,72822,10556,44361,0,2,74070,10580,45219,0,0,0,0,0,4,73570,11871,44580,0,2,74020,10591,44182,0,0,14,81300,6863,32810,20762,0,0,2,0,3,12,2,1,154,0
07/02/2016,0,0,0,0,0,11,73759,9942,49232,19379,0,1,72822,10556,44361,0,2,74070,10580,45219,0,0,0,35,16,1,73570,11871,44580,0,2,74020,10591,44182,0,0,2,81477,5002,42720,0,0,0,0,0,0,0,0,0,0,0
08/02/2016,1,0,0,0,1,27,84106,24771,60351,11703,0,4,72822,10556,44361,0,13,74056,52793,60891,7338,0,0,0,0,4,73570,11871,44580,0,13,74056,52792,60891,7338,0,3,81477,5002,42720,0,0,0,0,0,0,0,0,0,0,0
09/02/2016,0,0,0,0,0,11,78181,4949,40806,23124,0,4,72822,10556,44361,0,5,70688,4915,22606,27094,0,1,0,0,4,73570,11871,44580,0,5,70688,4915,22606,27094,0,13,67033,4611,33113,24656,0,0,3,0,0,0,0,0,0,0
10/02/2016,0,0,0,0,0,13,83103,9854,57874,25684,0,3,72822,10556,44361,0,1,74070,10580,45219,0,0,0,0,0,3,73570,11871,44580,0,1,74020,10591,44182,0,0,0,81477,5002,42720,0,0,0,1,0,0,0,0,0,0,0
11/02/2016,0,0,0,0,0,50,84318,967,63814,22930,0,18,84245,38144,76362,12986,15,84215,70402,81172,4485,0,0,0,0,31,84245,38143,73932,10198,19,84240,70402,81815,4157,1,5,68409,10075,39012,26081,0,0,0,0,0,0,0,0,0,0
12/02/2016,0,0,0,0,0,6,66147,18398,45803,17980,0,2,72822,10556,44361,0,0,74070,10580,45219,0,0,0,0,0,2,73570,11871,44580,0,0,74020,10591,44182,0,0,33,82303,5333,41887,30654,0,0,1,0,0,0,0,0,0,0
13/02/2016,0,0,0,0,0,0,66759.66667,17455.61111,44632.44444,18352.94444,0,0,72822,10556,44361,0,0,74640.11111,10072.05556,44450.88889,1730.166667,0,0,0,0,0,73570,11871,44580,0,0,74592.88889,10082.44444,43471.5,1730.166667,0,0,82257.11111,5314.611111,41933.27778,28951,0,0,0,0,0,0,0,0,0,0
14/02/2016,0,0,0,0,0,0,67372.33333,16513.22222,43461.88889,18725.88889,0,0,72822,10556,44361,0,0,75210.22222,9564.111111,43682.77778,3460.333333,0,0,0,0,0,73570,11871,44580,0,0,75165.77778,9573.888889,42761,3460.333333,0,0,82211.22222,5296.222222,41979.55556,27248,0,0,0,0,0,0,0,0,0,1
15/02/2016,0,0,0,0,0,0,67985,15570.83333,42291.33333,19098.83333,0,0,72822,10556,44361,0,0,75780.33333,9056.166667,42914.66667,5190.5,0,0,0,0,0,73570,11871,44580,0,0,75738.66667,9065.333333,42050.5,5190.5,0,0,82165.33333,5277.833333,42025.83333,25545,0,0,0,0,0,0,0,0,0,0
16/02/2016,0,0,0,0,0,0,68597.66667,14628.44444,41120.77778,19471.77778,0,0,72822,10556,44361,0,0,76350.44444,8548.222222,42146.55556,6920.666667,0,0,0,0,0,73570,11871,44580,0,0,76311.55556,8556.777778,41340,6920.666667,0,0,82119.44444,5259.444444,42072.11111,23842,0,0,0,0,0,0,0,0,0,0
17/02/2016,0,0,0,0,0,0,69210.33333,13686.05556,39950.22222,19844.72222,0,0,72822,10556,44361,0,0,76920.55556,8040.277778,41378.44444,8650.833333,0,0,0,0,0,73570,11871,44580,0,0,76884.44444,8048.222222,40629.5,8650.833333,0,0,82073.55556,5241.055556,42118.38889,22139,0,0,0,0,0,0,0,0,0,0
18/02/2016,0,0,0,0,0,0,69823,12743.66667,38779.66667,20217.66667,0,0,72822,10556,44361,0,0,77490.66667,7532.333333,40610.33333,10381,0,0,0,0,0,73570,11871,44580,0,0,77457.33333,7539.666667,39919,10381,0,0,82027.66667,5222.666667,42164.66667,20436,0,0,0,0,0,0,0,0,0,0
19/02/2016,0,0,0,0,0,0,70435.66667,11801.27778,37609.11111,20590.61111,0,0,72822,10556,44361,0,0,78060.77778,7024.388889,39842.22222,12111.16667,0,0,0,0,0,73570,11871,44580,0,0,78030.22222,7031.111111,39208.5,12111.16667,0,0,81981.77778,5204.277778,42210.94444,18733,0,0,0,0,0,0,0,0,0,0
20/02/2016,0,0,0,0,0,0,71048.33333,10858.88889,36438.55556,20963.55556,0,0,72822,10556,44361,0,0,78630.88889,6516.444444,39074.11111,13841.33333,0,0,0,0,0,73570,11871,44580,0,0,78603.11111,6522.555556,38498,13841.33333,0,0,81935.88889,5185.888889,42257.22222,17030,0,0,0,0,0,0,0,0,0,0
21/02/2016,0,0,0,0,0,0,71661,9916.5,35268,21336.5,0,0,72822,10556,44361,0,0,79201,6008.5,38306,15571.5,0,0,0,0,0,73570,11871,44580,0,0,79176,6014,37787.5,15571.5,0,0,81890,5167.5,42303.5,15327,0,0,0,0,0,0,0,0,0,0
22/02/2016,0,0,0,0,0,0,72273.66667,8974.111111,34097.44444,21709.44444,0,0,72822,10556,44361,0,0,79771.11111,5500.555556,37537.88889,17301.66667,0,0,0,0,0,73570,11871,44580,0,0,79748.88889,5505.444444,37077,17301.66667,0,0,81844.11111,5149.111111,42349.77778,13624,0,0,0,0,0,0,0,0,0,0
23/02/2016,0,0,0,0,0,0,72886.33333,8031.722222,32926.88889,22082.38889,0,0,72822,10556,44361,0,0,80341.22222,4992.611111,36769.77778,19031.83333,0,0,0,0,0,73570,11871,44580,0,0,80321.77778,4996.888889,36366.5,19031.83333,0,0,81798.22222,5130.722222,42396.05556,11921,0,0,0,0,0,0,0,0,0,0
24/02/2016,0,0,0,0,0,0,73499,7089.333333,31756.33333,22455.33333,0,0,72822,10556,44361,0,0,80911.33333,4484.666667,36001.66667,20762,0,0,0,0,0,73570,11871,44580,0,0,80894.66667,4488.333333,35656,20762,0,0,81752.33333,5112.333333,42442.33333,10218,0,0,0,0,0,0,0,0,0,0
25/02/2016,0,0,0,0,0,0,74111.66667,6146.944444,30585.77778,22828.27778,0,0,72822,10556,44361,0,0,81481.44444,3976.722222,35233.55556,22492.16667,0,0,0,0,0,73570,11871,44580,0,0,81467.55556,3979.777778,34945.5,22492.16667,0,0,81706.44444,5093.944444,42488.61111,8515,0,0,0,0,0,0,0,0,0,0
26/02/2016,0,0,0,0,0,0,74724.33333,5204.555556,29415.22222,23201.22222,0,0,72822,10556,44361,0,0,82051.55556,3468.777778,34465.44444,24222.33333,0,0,0,0,0,73570,11871,44580,0,0,82040.44444,3471.222222,34235,24222.33333,0,0,81660.55556,5075.555556,42534.88889,6812,0,0,0,0,0,0,0,0,0,0
27/02/2016,0,0,0,0,0,0,75337,4262.166667,28244.66667,23574.16667,0,0,72822,10556,44361,0,0,82621.66667,2960.833333,33697.33333,25952.5,0,0,0,0,0,73570,11871,44580,0,0,82613.33333,2962.666667,33524.5,25952.5,0,0,81614.66667,5057.166667,42581.16667,5109,0,0,0,0,0,0,0,0,0,0
28/02/2016,0,0,0,0,0,0,75949.66667,3319.777778,27074.11111,23947.11111,0,0,72822,10556,44361,0,0,83191.77778,2452.888889,32929.22222,27682.66667,0,0,0,0,0,73570,11871,44580,0,0,83186.22222,2454.111111,32814,27682.66667,0,0,81568.77778,5038.777778,42627.44444,3406,0,0,0,0,0,0,0,0,0,0
29/02/2016,0,0,0,0,0,0,76562.33333,2377.388889,25903.55556,24320.05556,0,0,72822,10556,44361,0,0,83761.88889,1944.944444,32161.11111,29412.83333,0,0,0,0,0,73570,11871,44580,0,0,83759.11111,1945.555556,32103.5,29412.83333,0,0,81522.88889,5020.388889,42673.72222,1703,0,0,0,0,0,0,0,0,0,0
01/03/2016,0,0,0,0,0,9,77175,1435,24733,24693,0,4,72822,10556,44361,0,8,84332,1437,31393,31143,0,0,0,0,4,73570,11871,44580,0,8,84332,1437,31393,31143,0,0,81477,5002,42720,0,0,0,0,0,0,0,0,0,0,1
02/03/2016,0,0,0,0,0,2,81741,4273,43548,0,0,2,72822,10556,44361,0,0,74070,10580,45219,0,0,0,0,0,2,73570,11871,44580,0,0,74020,10591,44182,0,0,6,86340,15017,63829,25658,0,0,0,0,9,5,5,14,273,0
03/03/2016,29,0,0,0,2,33,55341,13923,25773,9016,0,22,34491,16122,28157,6093,5,55342,23438,48811,14184,0,1,0,0,24,34491,16122,27481,6257,6,55342,23438,46296,14103,0,11,54357,10823,34343,13734,0,0,0,0,0,8,5,0,123,1
04/03/2016,2,0,0,0,0,12,64927,15275,39582,17990,0,6,75711,23881,34427,20292,3,74070,10580,45219,0,0,0,0,1,7,75711,15273,31691,19889,3,74020,10591,44182,0,1,3,81477,5002,42720,0,0,0,0,0,25,1,1,1,221,0
05/03/2016,0,0,0,20,0,9,41989,3648,33433,15084,0,3,72822,10556,44361,0,2,74070,10580,45219,0,0,0,0,5,3,73570,11871,44580,0,2,74020,10591,44182,0,6,2,81477,5002,42720,0,0,0,7,0,0,0,0,0,2,0
06/03/2016,0,0,0,0,0,2,81741,4273,43548,0,0,3,72822,10556,44361,0,1,74070,10580,45219,0,0,0,0,0,3,73570,11871,44580,0,1,74020,10591,44182,0,1,5,50656,15778,25429,14775,0,0,0,0,18,15,1,6,294,0
07/03/2016,0,0,0,0,0,3,81741,4273,43548,0,0,3,72822,10556,44361,0,1,74070,10580,45219,0,0,0,5,10,3,73570,11871,44580,0,1,74020,10591,44182,0,0,2,81477,5002,42720,0,0,0,2,0,0,0,0,0,0,0
08/03/2016,0,0,0,0,0,50,85172,6036,44805,23211,0,3,72822,10556,44361,0,24,73613,6012,29365,18369,0,0,0,0,3,73570,11871,44580,0,24,73613,6012,29365,18369,0,5,76111,6070,41376,27201,0,0,0,0,0,0,0,0,0,0
09/03/2016,1,0,0,0,0,14,85736,977,55060,30910,0,3,72822,10556,44361,0,11,85722,8338,54276,28500,0,0,0,0,5,85746,28496,71315,24771,11,85722,8338,54276,28500,0,22,85375,1452,28587,21646,0,0,0,0,0,0,0,0,0,0
10/03/2016,0,0,0,0,0,15,81188,7097,35137,20816,0,1,72822,10556,44361,0,11,83273,21580,39848,19407,0,0,0,0,1,73570,11871,44580,0,11,83273,21580,39848,19407,5,10,81304,11294,57564,24169,0,0,2,0,0,0,0,0,0,0
11/03/2016,0,0,0,0,0,13,76166,16802,46934,21074,0,7,56523,4173,41539,25458,2,74070,10580,45219,0,0,0,0,0,7,56523,4173,41539,25458,2,74020,10591,44182,0,0,0,81477,5002,42720,0,0,0,0,0,0,0,0,0,0,0
12/03/2016,0,0,0,0,0,20,85329,9686,50500,22401,0,5,56448,12060,47543,19835,3,74070,10580,45219,0,0,0,0,0,5,56448,12060,47543,19835,3,74020,10591,44182,0,0,18,81027,984,28150,29774,0,0,0,0,0,0,0,0,0,0
13/03/2016,0,0,0,0,0,0,85313.55,10811.45,51481.8,22114,0,0,57616.6,11888.65,47633.2,20061.8,0,74070,10580,45219,0,0,0,0,0,0,57616.6,11888.65,47850.75,20095.7,0,74317.2,12012.5,45758.8,644.7,0,0,81049.5,1184.9,28878.5,28285.3,0,0,0,0,0,0,0,0,0,0
14/03/2016,0,0,0,0,0,0,85298.1,11936.9,52463.6,21827,0,0,58785.2,11717.3,47723.4,20288.6,0,74070,10580,45219,0,0,0,0,0,0,58785.2,11717.3,48158.5,20356.4,0,74614.4,13434,47335.6,1289.4,0,0,81072,1385.8,29607,26796.6,0,0,0,0,0,0,0,0,0,0
15/03/2016,0,0,0,0,0,0,85282.65,13062.35,53445.4,21540,0,0,59953.8,11545.95,47813.6,20515.4,0,74070,10580,45219,0,0,0,0,0,0,59953.8,11545.95,48466.25,20617.1,0,74911.6,14855.5,48912.4,1934.1,0,0,81094.5,1586.7,30335.5,25307.9,0,0,0,0,0,0,0,0,0,0
16/03/2016,0,0,0,0,0,0,85267.2,14187.8,54427.2,21253,0,0,61122.4,11374.6,47903.8,20742.2,0,74070,10580,45219,0,0,0,0,0,0,61122.4,11374.6,48774,20877.8,0,75208.8,16277,50489.2,2578.8,0,0,81117,1787.6,31064,23819.2,0,0,0,0,0,0,0,0,0,0
17/03/2016,0,0,0,0,0,0,85251.75,15313.25,55409,20966,0,0,62291,11203.25,47994,20969,0,74070,10580,45219,0,0,0,0,0,0,62291,11203.25,49081.75,21138.5,0,75506,17698.5,52066,3223.5,0,0,81139.5,1988.5,31792.5,22330.5,0,0,0,0,0,0,0,0,0,0
18/03/2016,0,0,0,0,0,0,85236.3,16438.7,56390.8,20679,0,0,63459.6,11031.9,48084.2,21195.8,0,74070,10580,45219,0,0,0,0,0,0,63459.6,11031.9,49389.5,21399.2,0,75803.2,19120,53642.8,3868.2,0,0,81162,2189.4,32521,20841.8,0,0,0,0,0,0,0,0,0,0
19/03/2016,0,0,0,0,0,0,85220.85,17564.15,57372.6,20392,0,0,64628.2,10860.55,48174.4,21422.6,0,74070,10580,45219,0,0,0,0,0,0,64628.2,10860.55,49697.25,21659.9,0,76100.4,20541.5,55219.6,4512.9,0,0,81184.5,2390.3,33249.5,19353.1,0,0,0,0,0,0,0,0,0,0
20/03/2016,0,0,0,0,0,0,85205.4,18689.6,58354.4,20105,0,0,65796.8,10689.2,48264.6,21649.4,0,74070,10580,45219,0,0,0,0,0,0,65796.8,10689.2,50005,21920.6,0,76397.6,21963,56796.4,5157.6,0,0,81207,2591.2,33978,17864.4,0,0,0,0,0,0,0,0,0,0
21/03/2016,0,0,0,0,0,0,85189.95,19815.05,59336.2,19818,0,0,66965.4,10517.85,48354.8,21876.2,0,74070,10580,45219,0,0,0,0,0,0,66965.4,10517.85,50312.75,22181.3,0,76694.8,23384.5,58373.2,5802.3,0,0,81229.5,2792.1,34706.5,16375.7,0,0,0,0,0,0,0,0,0,0
22/03/2016,0,0,0,0,0,0,85174.5,20940.5,60318,19531,0,0,68134,10346.5,48445,22103,0,74070,10580,45219,0,0,0,0,0,0,68134,10346.5,50620.5,22442,0,76992,24806,59950,6447,0,0,81252,2993,35435,14887,0,0,0,0,0,0,0,0,0,0
23/03/2016,0,0,0,0,0,0,85159.05,22065.95,61299.8,19244,0,0,69302.6,10175.15,48535.2,22329.8,0,74070,10580,45219,0,0,0,0,0,0,69302.6,10175.15,50928.25,22702.7,0,77289.2,26227.5,61526.8,7091.7,0,0,81274.5,3193.9,36163.5,13398.3,0,0,0,0,0,0,0,0,0,0
24/03/2016,0,0,0,0,0,0,85143.6,23191.4,62281.6,18957,0,0,70471.2,10003.8,48625.4,22556.6,0,74070,10580,45219,0,0,0,0,0,0,70471.2,10003.8,51236,22963.4,0,77586.4,27649,63103.6,7736.4,0,0,81297,3394.8,36892,11909.6,0,0,0,0,0,0,0,0,0,0
25/03/2016,0,0,0,0,0,0,85128.15,24316.85,63263.4,18670,0,0,71639.8,9832.45,48715.6,22783.4,0,74070,10580,45219,0,0,0,0,0,0,71639.8,9832.45,51543.75,23224.1,0,77883.6,29070.5,64680.4,8381.1,0,0,81319.5,3595.7,37620.5,10420.9,0,0,0,0,0,0,0,0,0,0
26/03/2016,0,0,0,0,0,0,85112.7,25442.3,64245.2,18383,0,0,72808.4,9661.1,48805.8,23010.2,0,74070,10580,45219,0,0,0,0,0,0,72808.4,9661.1,51851.5,23484.8,0,78180.8,30492,66257.2,9025.8,0,0,81342,3796.6,38349,8932.2,0,0,0,0,0,0,0,0,0,0
27/03/2016,0,0,0,0,0,0,85097.25,26567.75,65227,18096,0,0,73977,9489.75,48896,23237,0,74070,10580,45219,0,0,0,0,0,0,73977,9489.75,52159.25,23745.5,0,78478,31913.5,67834,9670.5,0,0,81364.5,3997.5,39077.5,7443.5,0,0,0,0,0,0,0,0,0,0
28/03/2016,0,0,0,0,0,0,85081.8,27693.2,66208.8,17809,0,0,75145.6,9318.4,48986.2,23463.8,0,74070,10580,45219,0,0,0,0,0,0,75145.6,9318.4,52467,24006.2,0,78775.2,33335,69410.8,10315.2,0,0,81387,4198.4,39806,5954.8,0,0,0,0,0,0,0,0,0,0
29/03/2016,0,0,0,0,0,0,85066.35,28818.65,67190.6,17522,0,0,76314.2,9147.05,49076.4,23690.6,0,74070,10580,45219,0,0,0,0,0,0,76314.2,9147.05,52774.75,24266.9,0,79072.4,34756.5,70987.6,10959.9,0,0,81409.5,4399.3,40534.5,4466.1,0,0,0,0,0,0,0,0,0,0
30/03/2016,0,0,0,0,0,0,85050.9,29944.1,68172.4,17235,0,0,77482.8,8975.7,49166.6,23917.4,0,74070,10580,45219,0,0,0,0,0,0,77482.8,8975.7,53082.5,24527.6,0,79369.6,36178,72564.4,11604.6,0,0,81432,4600.2,41263,2977.4,0,0,0,0,0,0,0,0,0,0
31/03/2016,0,0,0,0,0,0,85035.45,31069.55,69154.2,16948,0,0,78651.4,8804.35,49256.8,24144.2,0,74070,10580,45219,0,0,0,0,0,0,78651.4,8804.35,53390.25,24788.3,0,79666.8,37599.5,74141.2,12249.3,0,0,81454.5,4801.1,41991.5,1488.7,0,0,0,0,0,0,0,0,0,0
01/04/2016,0,0,0,0,0,19,85020,32195,70136,16661,0,6,79820,8633,49347,24371,4,74070,10580,45219,0,0,0,0,0,7,79820,8633,53698,25049,10,79964,39021,75718,12894,0,3,81477,5002,42720,0,0,0,0,0,0,0,0,0,0,0
02/04/2016,0,0,0,0,0,4,81741,4273,43548,0,0,6,72505,14060,49135,21626,0,74070,10580,45219,0,0,0,0,1,6,72505,14060,49135,21626,0,74020,10591,44182,0,0,29,84829,1967,30678,26194,0,0,2,0,57,34,16,26,941,0
03/04/2016,7,0,0,0,0,3,81741,4273,43548,0,0,3,72822,10556,44361,0,5,60310,20610,51471,17294,0,0,0,0,4,73570,11871,44580,0,5,60310,20610,51471,17294,5,9,40576,28,11624,12528,0,0,0,0,0,0,2,1,54,0
04/04/2016,0,0,0,0,0,44,82303,6978,38782,19222,0,1,72822,10556,44361,0,0,74070,10580,45219,0,0,0,0,1,2,73570,11871,44580,0,0,74020,10591,44182,0,0,2,81477,5002,42720,0,0,0,0,0,1,17,26,4,352,1
05/04/2016,0,0,0,4,0,12,84529,26650,72357,18480,0,4,72822,10556,44361,0,8,83131,5012,65725,30843,0,0,0,11,4,73570,11871,44580,0,8,83131,5012,65725,30843,0,3,81477,5002,42720,0,0,0,2,0,5,2,2,14,192,0
06/04/2016,0,0,0,0,0,5,82477,12240,52082,33935,0,1,72822,10556,44361,0,0,74070,10580,45219,0,0,0,0,0,1,73570,11871,44580,0,0,74020,10591,44182,0,0,1,81477,5002,42720,0,0,0,0,0,6,2,13,4,184,0
07/04/2016,0,0,0,0,0,10,78762,31386,58999,20196,0,4,72822,10556,44361,0,12,78764,31327,48811,22046,0,0,0,10,4,73570,11871,44580,0,12,78764,31327,48811,22046,0,1,81477,5002,42720,0,0,0,0,0,0,0,0,0,0,0
08/04/2016,0,0,0,0,0,44,84101,2997,46800,24351,0,2,72822,10556,44361,0,10,84052,17867,50157,18130,0,0,0,0,2,73570,11871,44580,0,10,84052,17867,50157,18130,0,6,70691,1016,31883,25495,1,0,1,0,0,0,0,0,0,0
09/04/2016,1,1,0,0,0,15,73325,7210,46212,22582,0,6,66777,7267,24393,26722,16,73215,7186,47465,19640,0,0,0,0,6,66777,7267,24393,26722,16,73215,7186,47465,19640,0,15,81099,57,46567,27096,0,0,2,0,0,0,0,0,0,0
10/04/2016,0,0,0,0,1,12,85787,784,49823,24976,0,3,72822,10556,44361,0,0,74070,10580,45219,0,0,0,0,0,3,73570,11871,44580,0,0,74020,10591,44182,0,0,1,81477,5002,42720,0,0,0,1,0,0,0,0,0,0,0
11/04/2016,0,0,0,0,1,22,84980,1293,29066,33881,0,7,42659,1295,7303,15590,3,74070,10580,45219,0,0,0,0,0,8,42659,1295,6557,14587,3,74020,10591,44182,0,0,1,81477,5002,42720,0,0,0,0,0,0,0,0,0,0,0
12/04/2016,0,0,0,0,0,32,84959,5658,39116,24917,0,2,72822,10556,44361,0,0,74070,10580,45219,0,0,0,0,0,2,73570,11871,44580,0,0,74020,10591,44182,0,0,2,81477,5002,42720,0,0,0,0,0,0,0,0,0,0,1
13/04/2016,0,0,0,0,0,0,84097.05263,5366.105263,37809.47368,24407.05263,0,0,72603.78947,10009.89474,42867.21053,1200.210526,0,73781.10526,10143.47368,43707.57895,847,0,0,0,0,0,73312.42105,11255.68421,42973.78947,1079.631579,0,73733.73684,10153.89474,42717,822.4210526,0,0,81477,5002,42720,0,0,0,0,0,0,0,0,0,0,0
14/04/2016,0,0,0,0,0,0,83235.10526,5074.210526,36502.94737,23897.10526,0,0,72385.57895,9463.789474,41373.42105,2400.421053,0,73492.21053,9706.947368,42196.15789,1694,0,0,0,0,0,73054.84211,10640.36842,41367.57895,2159.263158,0,73447.47368,9716.789474,41252,1644.842105,0,0,81477,5002,42720,0,0,0,0,0,0,0,0,0,0,0
15/04/2016,0,0,0,0,0,0,82373.15789,4782.315789,35196.42105,23387.15789,0,0,72167.36842,8917.684211,39879.63158,3600.631579,0,73203.31579,9270.421053,40684.73684,2541,0,0,0,0,0,72797.26316,10025.05263,39761.36842,3238.894737,0,73161.21053,9279.684211,39787,2467.263158,0,0,81477,5002,42720,0,0,0,0,0,0,0,0,0,0,0
16/04/2016,0,0,0,0,0,0,81511.21053,4490.421053,33889.89474,22877.21053,0,0,71949.15789,8371.578947,38385.84211,4800.842105,0,72914.42105,8833.894737,39173.31579,3388,0,0,0,0,0,72539.68421,9409.736842,38155.15789,4318.526316,0,72874.94737,8842.578947,38322,3289.684211,0,0,81477,5002,42720,0,0,0,0,0,0,0,0,0,0,0
17/04/2016,0,0,0,0,0,0,80649.26316,4198.526316,32583.36842,22367.26316,0,0,71730.94737,7825.473684,36892.05263,6001.052632,0,72625.52632,8397.368421,37661.89474,4235,0,0,0,0,0,72282.10526,8794.421053,36548.94737,5398.157895,0,72588.68421,8405.473684,36857,4112.105263,0,0,81477,5002,42720,0,0,0,0,0,0,0,0,0,0,0
18/04/2016,0,0,0,0,0,0,79787.31579,3906.631579,31276.84211,21857.31579,0,0,71512.73684,7279.368421,35398.26316,7201.263158,0,72336.63158,7960.842105,36150.47368,5082,0,0,0,0,0,72024.52632,8179.105263,34942.73684,6477.789474,0,72302.42105,7968.368421,35392,4934.526316,0,0,81477,5002,42720,0,0,0,0,0,0,0,0,0,0,0
19/04/2016,0,0,0,0,0,0,78925.36842,3614.736842,29970.31579,21347.36842,0,0,71294.52632,6733.263158,33904.47368,8401.473684,0,72047.73684,7524.315789,34639.05263,5929,0,0,0,0,0,71766.94737,7563.789474,33336.52632,7557.421053,0,72016.15789,7531.263158,33927,5756.947368,0,0,81477,5002,42720,0,0,0,0,0,0,0,0,0,0,0
20/04/2016,0,0,0,0,0,0,78063.42105,3322.842105,28663.78947,20837.42105,0,0,71076.31579,6187.157895,32410.68421,9601.684211,0,71758.84211,7087.789474,33127.63158,6776,0,0,0,0,0,71509.36842,6948.473684,31730.31579,8637.052632,0,71729.89474,7094.157895,32462,6579.368421,0,0,81477,5002,42720,0,0,0,0,0,0,0,0,0,0,0
21/04/2016,0,0,0,0,0,0,77201.47368,3030.947368,27357.26316,20327.47368,0,0,70858.10526,5641.052632,30916.89474,10801.89474,0,71469.94737,6651.263158,31616.21053,7623,0,0,0,0,0,71251.78947,6333.157895,30124.10526,9716.684211,0,71443.63158,6657.052632,30997,7401.789474,0,0,81477,5002,42720,0,0,0,0,0,0,0,0,0,0,0
22/04/2016,0,0,0,0,0,0,76339.52632,2739.052632,26050.73684,19817.52632,0,0,70639.89474,5094.947368,29423.10526,12002.10526,0,71181.05263,6214.736842,30104.78947,8470,0,0,0,0,0,70994.21053,5717.842105,28517.89474,10796.31579,0,71157.36842,6219.947368,29532,8224.210526,0,0,81477,5002,42720,0,0,0,0,0,0,0,0,0,0,0
23/04/2016,0,0,0,0,0,0,75477.57895,2447.157895,24744.21053,19307.57895,0,0,70421.68421,4548.842105,27929.31579,13202.31579,0,70892.15789,5778.210526,28593.36842,9317,0,0,0,0,0,70736.63158,5102.526316,26911.68421,11875.94737,0,70871.10526,5782.842105,28067,9046.631579,0,0,81477,5002,42720,0,0,0,0,0,0,0,0,0,0,0
24/04/2016,0,0,0,0,0,0,74615.63158,2155.263158,23437.68421,18797.63158,0,0,70203.47368,4002.736842,26435.52632,14402.52632,0,70603.26316,5341.684211,27081.94737,10164,0,0,0,0,0,70479.05263,4487.210526,25305.47368,12955.57895,0,70584.84211,5345.736842,26602,9869.052632,0,0,81477,5002,42720,0,0,0,0,0,0,0,0,0,0,0
25/04/2016,0,0,0,0,0,0,73753.68421,1863.368421,22131.15789,18287.68421,0,0,69985.26316,3456.631579,24941.73684,15602.73684,0,70314.36842,4905.157895,25570.52632,11011,0,0,0,0,0,70221.47368,3871.894737,23699.26316,14035.21053,0,70298.57895,4908.631579,25137,10691.47368,0,0,81477,5002,42720,0,0,0,0,0,0,0,0,0,0,0
26/04/2016,0,0,0,0,0,0,72891.73684,1571.473684,20824.63158,17777.73684,0,0,69767.05263,2910.526316,23447.94737,16802.94737,0,70025.47368,4468.631579,24059.10526,11858,0,0,0,0,0,69963.89474,3256.578947,22093.05263,15114.84211,0,70012.31579,4471.526316,23672,11513.89474,0,0,81477,5002,42720,0,0,0,0,0,0,0,0,0,0,0
27/04/2016,0,0,0,0,0,0,72029.78947,1279.578947,19518.10526,17267.78947,0,0,69548.84211,2364.421053,21954.15789,18003.15789,0,69736.57895,4032.105263,22547.68421,12705,0,0,0,0,0,69706.31579,2641.263158,20486.84211,16194.47368,0,69726.05263,4034.421053,22207,12336.31579,0,0,81477,5002,42720,0,0,0,0,0,0,0,0,0,0,0
28/04/2016,0,0,0,0,0,0,71167.84211,987.6842105,18211.57895,16757.84211,0,0,69330.63158,1818.315789,20460.36842,19203.36842,0,69447.68421,3595.578947,21036.26316,13552,0,0,0,0,0,69448.73684,2025.947368,18880.63158,17274.10526,0,69439.78947,3597.315789,20742,13158.73684,0,0,81477,5002,42720,0,0,0,0,0,0,0,0,0,0,0
29/04/2016,0,0,0,0,0,0,70305.89474,695.7894737,16905.05263,16247.89474,0,0,69112.42105,1272.210526,18966.57895,20403.57895,0,69158.78947,3159.052632,19524.84211,14399,0,0,0,0,0,69191.15789,1410.631579,17274.42105,18353.73684,0,69153.52632,3160.210526,19277,13981.15789,0,0,81477,5002,42720,0,0,0,0,0,0,0,0,0,0,0
30/04/2016,0,0,0,0,0,0,69443.94737,403.8947368,15598.52632,15737.94737,0,0,68894.21053,726.1052632,17472.78947,21603.78947,0,68869.89474,2722.526316,18013.42105,15246,0,0,0,0,0,68933.57895,795.3157895,15668.21053,19433.36842,0,68867.26316,2723.105263,17812,14803.57895,0,0,81477,5002,42720,0,0,0,0,0,0,0,0,0,0,1
01/05/2016,6,0,0,0,0,42,68582,112,14292,15228,0,8,68676,180,15979,22804,17,68581,2286,16502,16093,0,0,1,0,10,68676,180,14062,20513,18,68581,2286,16347,15626,0,3,81477,5002,42720,0,0,0,0,0,0,0,0,0,0,0
02/05/2016,0,0,0,0,0,7,81242,2559,36660,31044,0,1,72822,10556,44361,0,0,74070,10580,45219,0,0,0,0,0,1,73570,11871,44580,0,0,74020,10591,44182,0,0,11,83738,376,39632,26091,0,0,0,0,4,5,17,13,321,0
03/05/2016,10,0,0,0,0,41,86223,488,36457,31314,0,7,51536,492,16737,21578,4,74070,10580,45219,0,0,0,0,0,7,51536,492,16737,21578,11,64984,489,37327,26781,0,5,76815,14386,54817,25276,0,0,0,0,8,10,44,10,553,0
04/05/2016,0,0,0,0,0,47,83387,2127,52226,23849,0,12,76789,29159,68062,17823,3,74070,10580,45219,0,0,0,0,1,12,76789,29159,68062,17823,3,74020,10591,44182,0,2,2,81477,5002,42720,0,0,0,1,0,11,36,28,33,727,0
05/05/2016,0,0,0,14,0,9,71816,36269,53473,15982,0,3,72822,10556,44361,0,2,74070,10580,45219,0,0,0,1,26,3,73570,11871,44580,0,2,74020,10591,44182,0,0,2,81477,5002,42720,0,0,0,0,0,1,0,8,8,166,0
06/05/2016,5,0,0,0,0,5,81748,5726,25854,31446,0,4,72822,10556,44361,0,4,74070,10580,45219,0,0,0,0,0,6,81736,1963,35157,33882,5,61639,1853,21057,23281,0,3,81477,5002,42720,0,0,0,0,0,20,5,6,14,361,0
07/05/2016,9,0,0,0,1,14,82509,9928,51525,24682,0,11,77963,41059,52886,15984,8,68625,23949,59314,17179,0,0,1,28,14,77963,41059,55964,15296,9,68625,23949,60195,16285,0,1,81477,5002,42720,0,0,0,0,0,0,0,0,0,0,0
08/05/2016,0,0,0,0,0,44,81450,599,30201,21378,0,2,72822,10556,44361,0,7,73984,3024,26501,23288,0,0,0,0,2,73570,11871,44580,0,7,73984,3024,26501,23288,0,5,69957,2410,38683,26329,0,0,0,0,0,0,0,0,0,0
09/05/2016,2,0,0,0,0,28,83403,11531,58426,31457,0,5,72651,12055,30056,24287,25,86361,11517,59457,29965,0,0,0,0,6,73166,12055,37241,27958,26,86361,11517,60360,29718,0,13,83334,14306,47263,27097,0,0,0,0,0,0,0,0,0,0
10/05/2016,0,0,0,0,0,1,81741,4273,43548,0,0,3,72822,10556,44361,0,0,74070,10580,45219,0,0,0,0,0,3,73570,11871,44580,0,0,74020,10591,44182,0,0,3,81477,5002,42720,0,0,0,2,0,0,0,0,0,0,0
11/05/2016,0,0,0,0,0,23,82256,8367,24559,18565,0,7,74101,10556,23485,23151,0,74070,10580,45219,0,0,1,1,0,7,74101,10556,23485,23151,0,74020,10591,44182,0,1,2,81477,5002,42720,0,0,0,2,0,0,0,0,0,0,0
12/05/2016,0,0,0,0,0,17,84956,2901,51002,30127,0,2,72822,10556,44361,0,1,74070,10580,45219,0,0,0,0,0,2,73570,11871,44580,0,1,74020,10591,44182,0,0,4,81477,5002,42720,0,1,0,2,0,0,0,0,0,0,0
13/05/2016,0,0,0,0,0,0,85013.3,3188.15,50597.3,30042.35,0,0,72822,10556,44361,0,0,74070,10580,45219,0,0,0,0,0,0,73570,11871,44580,0,0,74020,10591,44182,0,0,0,80591.05,6228.9,42720,668.5,0,0,0,0,0,0,0,0,0,0
14/05/2016,0,0,0,0,0,0,85070.6,3475.3,50192.6,29957.7,0,0,72822,10556,44361,0,0,74070,10580,45219,0,0,0,0,0,0,73570,11871,44580,0,0,74020,10591,44182,0,0,0,79705.1,7455.8,42720,1337,0,0,0,0,0,0,0,0,0,0
15/05/2016,0,0,0,0,0,0,85127.9,3762.45,49787.9,29873.05,0,0,72822,10556,44361,0,0,74070,10580,45219,0,0,0,0,0,0,73570,11871,44580,0,0,74020,10591,44182,0,0,0,78819.15,8682.7,42720,2005.5,0,0,0,0,0,0,0,0,0,0
16/05/2016,0,0,0,0,0,0,85185.2,4049.6,49383.2,29788.4,0,0,72822,10556,44361,0,0,74070,10580,45219,0,0,0,0,0,0,73570,11871,44580,0,0,74020,10591,44182,0,0,0,77933.2,9909.6,42720,2674,0,0,0,0,0,0,0,0,0,0
17/05/2016,0,0,0,0,0,0,85242.5,4336.75,48978.5,29703.75,0,0,72822,10556,44361,0,0,74070,10580,45219,0,0,0,0,0,0,73570,11871,44580,0,0,74020,10591,44182,0,0,0,77047.25,11136.5,42720,3342.5,0,0,0,0,0,0,0,0,0,0
18/05/2016,0,0,0,0,0,0,85299.8,4623.9,48573.8,29619.1,0,0,72822,10556,44361,0,0,74070,10580,45219,0,0,0,0,0,0,73570,11871,44580,0,0,74020,10591,44182,0,0,0,76161.3,12363.4,42720,4011,0,0,0,0,0,0,0,0,0,0
19/05/2016,0,0,0,0,0,0,85357.1,4911.05,48169.1,29534.45,0,0,72822,10556,44361,0,0,74070,10580,45219,0,0,0,0,0,0,73570,11871,44580,0,0,74020,10591,44182,0,0,0,75275.35,13590.3,42720,4679.5,0,0,0,0,0,0,0,0,0,0
20/05/2016,0,0,0,0,0,0,85414.4,5198.2,47764.4,29449.8,0,0,72822,10556,44361,0,0,74070,10580,45219,0,0,0,0,0,0,73570,11871,44580,0,0,74020,10591,44182,0,0,0,74389.4,14817.2,42720,5348,0,0,0,0,0,0,0,0,0,0
21/05/2016,0,0,0,0,0,0,85471.7,5485.35,47359.7,29365.15,0,0,72822,10556,44361,0,0,74070,10580,45219,0,0,0,0,0,0,73570,11871,44580,0,0,74020,10591,44182,0,0,0,73503.45,16044.1,42720,6016.5,0,0,0,0,0,0,0,0,0,0
22/05/2016,0,0,0,0,0,0,85529,5772.5,46955,29280.5,0,0,72822,10556,44361,0,0,74070,10580,45219,0,0,0,0,0,0,73570,11871,44580,0,0,74020,10591,44182,0,0,0,72617.5,17271,42720,6685,0,0,0,0,0,0,0,0,0,0
23/05/2016,0,0,0,0,0,0,85586.3,6059.65,46550.3,29195.85,0,0,72822,10556,44361,0,0,74070,10580,45219,0,0,0,0,0,0,73570,11871,44580,0,0,74020,10591,44182,0,0,0,71731.55,18497.9,42720,7353.5,0,0,0,0,0,0,0,0,0,0
24/05/2016,0,0,0,0,0,0,85643.6,6346.8,46145.6,29111.2,0,0,72822,10556,44361,0,0,74070,10580,45219,0,0,0,0,0,0,73570,11871,44580,0,0,74020,10591,44182,0,0,0,70845.6,19724.8,42720,8022,0,0,0,0,0,0,0,0,0,0
25/05/2016,0,0,0,0,0,0,85700.9,6633.95,45740.9,29026.55,0,0,72822,10556,44361,0,0,74070,10580,45219,0,0,0,0,0,0,73570,11871,44580,0,0,74020,10591,44182,0,0,0,69959.65,20951.7,42720,8690.5,0,0,0,0,0,0,0,0,0,0
26/05/2016,0,0,0,0,0,0,85758.2,6921.1,45336.2,28941.9,0,0,72822,10556,44361,0,0,74070,10580,45219,0,0,0,0,0,0,73570,11871,44580,0,0,74020,10591,44182,0,0,0,69073.7,22178.6,42720,9359,0,0,0,0,0,0,0,0,0,1
27/05/2016,0,0,0,0,0,0,85815.5,7208.25,44931.5,28857.25,0,0,72822,10556,44361,0,0,74070,10580,45219,0,0,0,0,0,0,73570,11871,44580,0,0,74020,10591,44182,0,0,0,68187.75,23405.5,42720,10027.5,0,0,0,0,0,0,0,0,0,1
28/05/2016,0,0,0,0,0,0,85872.8,7495.4,44526.8,28772.6,0,0,72822,10556,44361,0,0,74070,10580,45219,0,0,0,0,0,0,73570,11871,44580,0,0,74020,10591,44182,0,0,0,67301.8,24632.4,42720,10696,0,0,0,0,0,0,0,0,0,0
29/05/2016,0,0,0,0,0,0,85930.1,7782.55,44122.1,28687.95,0,0,72822,10556,44361,0,0,74070,10580,45219,0,0,0,0,0,0,73570,11871,44580,0,0,74020,10591,44182,0,0,0,66415.85,25859.3,42720,11364.5,0,0,0,0,0,0,0,0,0,0
30/05/2016,0,0,0,0,0,0,85987.4,8069.7,43717.4,28603.3,0,0,72822,10556,44361,0,0,74070,10580,45219,0,0,0,0,0,0,73570,11871,44580,0,0,74020,10591,44182,0,0,0,65529.9,27086.2,42720,12033,0,0,0,0,0,0,0,0,0,0
31/05/2016,0,0,0,0,0,0,86044.7,8356.85,43312.7,28518.65,0,0,72822,10556,44361,0,0,74070,10580,45219,0,0,0,0,0,0,73570,11871,44580,0,0,74020,10591,44182,0,0,0,64643.95,28313.1,42720,12701.5,0,0,0,0,0,0,0,0,0,0
01/06/2016,0,0,0,0,0,14,86102,8644,42908,28434,0,1,72822,10556,44361,0,4,74070,10580,45219,0,0,0,1,1,1,73570,11871,44580,0,4,74020,10591,44182,0,43,5,63758,29540,42720,13370,0,0,0,0,0,0,0,0,0,1
02/06/2016,0,0,0,0,0,8,75748,3267,46194,26612,0,3,72822,10556,44361,0,2,74070,10580,45219,0,1,2,0,0,3,73570,11871,44580,0,2,74020,10591,44182,0,0,22,83585,3429,34707,20258,0,0,0,0,9,3,7,18,302,0
03/06/2016,2,0,0,0,0,6,36929,4061,13239,12793,0,1,72822,10556,44361,0,1,74070,10580,45219,0,0,0,1,13,1,73570,11871,44580,0,1,74020,10591,44182,0,0,1,81477,5002,42720,0,0,0,0,0,21,20,19,17,576,1
04/06/2016,1,0,0,0,1,24,82939,3191,29670,31207,0,1,72822,10556,44361,0,1,74070,10580,45219,0,0,0,1,0,2,73570,11871,44580,0,2,74020,10591,44182,0,5,2,81477,5002,42720,0,0,0,0,0,0,0,0,3,32,1
05/06/2016,3,0,0,26,0,13,85985,214,40572,28047,0,4,72822,10556,44361,0,1,74070,10580,45219,0,0,0,0,0,4,73570,11871,44580,0,7,15162,4838,9621,3950,0,0,81477,5002,42720,0,0,0,0,0,3,2,2,2,112,0
06/06/2016,0,0,0,0,0,4,81741,4273,43548,0,0,3,72822,10556,44361,0,0,74070,10580,45219,0,0,0,0,1,3,73570,11871,44580,0,1,74020,10591,44182,0,0,0,81477,5002,42720,0,0,0,0,0,3,3,0,2,131,0
07/06/2016,1,0,0,0,0,12,80710,2517,29138,28337,0,10,82276,2758,30306,28666,5,71209,2496,24202,29561,0,0,0,4,10,82276,2758,30306,28666,5,71209,2496,24202,29561,0,0,81477,5002,42720,0,0,0,0,0,0,0,0,0,0,0
08/06/2016,0,0,0,0,0,36,85479,1566,47244,21892,0,2,72822,10556,44361,0,17,86086,1562,51348,26289,0,0,0,0,2,73570,11871,44580,0,21,86086,1562,56007,25916,0,12,81651,4465,29712,27388,0,0,0,0,0,0,0,0,0,0
09/06/2016,0,1,0,0,0,36,67757,478,18425,22189,0,4,72822,10556,44361,0,8,59316,458,24924,24729,0,0,0,0,4,73570,11871,44580,0,9,59316,458,22214,24519,0,1,81477,5002,42720,0,0,0,0,0,0,0,0,0,0,0
10/06/2016,0,0,0,0,0,9,81494,716,31796,26238,0,3,72822,10556,44361,0,0,74070,10580,45219,0,0,0,0,0,3,73570,11871,44580,0,0,74020,10591,44182,0,0,4,81477,5002,42720,0,0,0,0,0,0,0,0,0,0,0
11/06/2016,0,0,0,0,0,7,84344,33807,68237,23545,0,1,72822,10556,44361,0,5,84360,33807,72418,21689,0,0,0,1,1,73570,11871,44580,0,5,84360,33807,72418,21689,0,3,81477,5002,42720,0,0,0,0,0,0,0,0,0,0,0
12/06/2016,12,0,0,0,0,42,73841,2344,46481,18515,0,10,75337,3379,40538,18776,19,73829,2331,52658,17895,0,0,0,0,12,75337,3379,37250,20066,19,73829,2331,52658,17895,2,8,36652,3381,25999,10856,0,0,0,0,0,0,0,0,0,0
13/06/2016,0,0,0,0,0,0,71897.78947,2556.894737,44929.68421,18079.05263,0,0,75466.57895,3541.263158,40325,19230.57895,0,71743.26316,3026.315789,51027.73684,17300.57895,0,0,0,0,0,75466.57895,3541.263158,37210.05263,20452.68421,0,71743.26316,2549.947368,50927.78947,17381.36842,0,0,39011.21053,3466.315789,26879.05263,10284.63158,0,0,0,0,0,0,0,0,0,0
14/06/2016,0,0,0,0,0,0,69954.57895,2769.789474,43378.36842,17643.10526,0,0,75596.15789,3703.526316,40112,19685.15789,0,69657.52632,3721.631579,49397.47368,16706.15789,0,0,0,0,0,75596.15789,3703.526316,37170.10526,20839.36842,0,69657.52632,2768.894737,49197.57895,16867.73684,0,0,41370.42105,3551.631579,27759.10526,9713.263158,0,0,0,0,0,0,0,0,0,0
15/06/2016,0,0,0,0,0,0,68011.36842,2982.684211,41827.05263,17207.15789,0,0,75725.73684,3865.789474,39899,20139.73684,0,67571.78947,4416.947368,47767.21053,16111.73684,0,0,0,0,0,75725.73684,3865.789474,37130.15789,21226.05263,0,67571.78947,2987.842105,47467.36842,16354.10526,0,0,43729.63158,3636.947368,28639.15789,9141.894737,0,0,0,0,0,0,0,0,0,0
16/06/2016,0,0,0,0,0,0,66068.15789,3195.578947,40275.73684,16771.21053,0,0,75855.31579,4028.052632,39686,20594.31579,0,65486.05263,5112.263158,46136.94737,15517.31579,0,0,0,0,0,75855.31579,4028.052632,37090.21053,21612.73684,0,65486.05263,3206.789474,45737.15789,15840.47368,0,0,46088.84211,3722.263158,29519.21053,8570.526316,0,0,0,0,0,0,0,0,0,0
17/06/2016,0,0,0,0,0,0,64124.94737,3408.473684,38724.42105,16335.26316,0,0,75984.89474,4190.315789,39473,21048.89474,0,63400.31579,5807.578947,44506.68421,14922.89474,0,0,0,0,0,75984.89474,4190.315789,37050.26316,21999.42105,0,63400.31579,3425.736842,44006.94737,15326.84211,0,0,48448.05263,3807.578947,30399.26316,7999.157895,0,0,0,0,0,0,0,0,0,0
18/06/2016,0,0,0,0,0,0,62181.73684,3621.368421,37173.10526,15899.31579,0,0,76114.47368,4352.578947,39260,21503.47368,0,61314.57895,6502.894737,42876.42105,14328.47368,0,0,0,0,0,76114.47368,4352.578947,37010.31579,22386.10526,0,61314.57895,3644.684211,42276.73684,14813.21053,0,0,50807.26316,3892.894737,31279.31579,7427.789474,0,0,0,0,0,0,0,0,0,0
19/06/2016,0,0,0,0,0,0,60238.52632,3834.263158,35621.78947,15463.36842,0,0,76244.05263,4514.842105,39047,21958.05263,0,59228.84211,7198.210526,41246.15789,13734.05263,0,0,0,0,0,76244.05263,4514.842105,36970.36842,22772.78947,0,59228.84211,3863.631579,40546.52632,14299.57895,0,0,53166.47368,3978.210526,32159.36842,6856.421053,0,0,0,0,0,0,0,0,0,0
20/06/2016,0,0,0,0,0,0,58295.31579,4047.157895,34070.47368,15027.42105,0,0,76373.63158,4677.105263,38834,22412.63158,0,57143.10526,7893.526316,39615.89474,13139.63158,0,0,0,0,0,76373.63158,4677.105263,36930.42105,23159.47368,0,57143.10526,4082.578947,38816.31579,13785.94737,0,0,55525.68421,4063.526316,33039.42105,6285.052632,0,0,0,0,0,0,0,0,0,0
21/06/2016,0,0,0,0,0,0,56352.10526,4260.052632,32519.15789,14591.47368,0,0,76503.21053,4839.368421,38621,22867.21053,0,55057.36842,8588.842105,37985.63158,12545.21053,0,0,0,0,0,76503.21053,4839.368421,36890.47368,23546.15789,0,55057.36842,4301.526316,37086.10526,13272.31579,0,0,57884.89474,4148.842105,33919.47368,5713.684211,0,0,0,0,0,0,0,0,0,0
28/06/2016,0,0,0,0,0,0,42749.63158,5750.315789,21659.94737,11539.84211,0,0,77410.26316,5975.210526,37130,26049.26316,0,40457.21053,13456.05263,26573.78947,8384.263158,0,0,0,0,0,77410.26316,5975.210526,36610.84211,26252.94737,0,40457.21053,5834.157895,24974.63158,9676.894737,0,0,74399.36842,4746.052632,40079.84211,1714.105263,0,0,0,0,0,0,0,0,0,0
29/06/2016,0,0,0,0,0,0,40806.42105,5963.210526,20108.63158,11103.89474,0,0,77539.84211,6137.473684,36917,26503.84211,0,38371.47368,14151.36842,24943.52632,7789.842105,0,0,0,0,0,77539.84211,6137.473684,36570.89474,26639.63158,0,38371.47368,6053.105263,23244.42105,9163.263158,0,0,76758.57895,4831.368421,40959.89474,1142.736842,0,0,0,0,0,0,0,0,0,0
30/06/2016,0,0,0,0,0,0,38863.21053,6176.105263,18557.31579,10667.94737,0,0,77669.42105,6299.736842,36704,26958.42105,0,36285.73684,14846.68421,23313.26316,7195.421053,0,0,0,0,0,77669.42105,6299.736842,36530.94737,27026.31579,0,36285.73684,6272.052632,21514.21053,8649.631579,0,0,79117.78947,4916.684211,41839.94737,571.3684211,0,0,0,0,0,0,0,0,0,1
01/07/2016,0,0,0,0,0,19,36920,6389,17006,10232,0,6,77799,6462,36491,27413,7,34200,15542,21683,6601,0,0,0,0,6,77799,6462,36491,27413,8,34200,6491,19784,8136,0,4,81477,5002,42720,0,0,0,0,0,0,0,0,0,0,0
02/07/2016,0,0,0,0,0,12,83367,13924,42124,26500,0,4,72822,10556,44361,0,0,74070,10580,45219,0,0,0,1,0,4,73570,11871,44580,0,0,74020,10591,44182,0,0,12,55206,578,31469,18154,0,0,0,0,9,0,2,10,193,0
03/07/2016,0,0,0,0,0,4,81741,4273,43548,0,0,4,72822,10556,44361,0,1,74070,10580,45219,0,0,0,0,1,4,73570,11871,44580,0,1,74020,10591,44182,0,0,1,81477,5002,42720,0,0,0,1,0,12,9,10,14,339,0
04/07/2016,1,0,0,0,1,12,80733,6156,39243,27204,0,2,72822,10556,44361,0,3,74070,10580,45219,0,0,0,1,25,3,73570,11871,44580,0,3,74020,10591,44182,0,10,15,67216,32591,42093,8498,0,0,1,0,0,3,0,1,45,0
05/07/2016,3,0,0,0,0,15,72574,795,30446,25059,0,6,48982,6303,40736,16949,2,74070,10580,45219,0,0,0,0,0,8,48984,6303,42797,14824,2,74020,10591,44182,0,0,1,81477,5002,42720,0,0,0,0,0,0,0,4,3,63,0
06/07/2016,0,0,0,0,0,9,81896,4164,18337,25386,0,3,72822,10556,44361,0,4,74070,10580,45219,0,0,0,1,1,4,73570,11871,44580,0,4,74020,10591,44182,0,1,8,64416,12056,48059,16780,1,0,1,0,5,5,2,5,132,0
07/07/2016,1,0,0,0,0,38,81504,1324,62390,18319,0,2,72822,10556,44361,0,7,76902,11676,47056,26431,0,0,11,0,2,73570,11871,44580,0,10,76907,11676,56010,25954,0,0,81477,5002,42720,0,0,0,1,0,0,0,0,0,0,0
08/07/2016,1,1,0,0,0,37,86014,162,41418,27695,0,2,72822,10556,44361,0,17,74568,152,24354,23244,0,0,0,0,2,73570,11871,44580,0,17,74568,152,24353,23244,0,8,54784,3439,27149,22664,0,0,0,0,0,0,0,0,0,0
09/07/2016,0,0,0,0,0,20,84544,10179,47006,31625,0,1,72822,10556,44361,0,6,80871,20114,30296,24776,0,0,0,0,1,73570,11871,44580,0,7,80871,20114,28842,22942,0,10,86021,24373,57358,20311,0,0,1,0,0,0,0,0,0,0
10/07/2016,0,0,0,0,0,1,81741,4273,43548,0,0,1,72822,10556,44361,0,4,74070,10580,45219,0,0,0,0,0,1,73570,11871,44580,0,4,74020,10591,44182,0,0,3,81477,5002,42720,0,0,0,0,2,0,0,0,0,0,0
11/07/2016,0,0,0,0,0,25,83596,3963,40625,21671,0,2,72822,10556,44361,0,3,74070,10580,45219,0,0,0,0,0,2,73570,11871,44580,0,3,74020,10591,44182,0,1,7,47991,19456,30381,9598,0,0,1,0,0,0,0,0,0,0
12/07/2016,0,0,0,0,0,46,85067,21524,53890,18725,0,14,70713,55019,61574,4098,4,74070,10580,45219,0,0,0,0,0,16,70713,55019,62078,4056,4,74020,10591,44182,0,0,1,81477,5002,42720,0,0,0,1,0,0,0,0,0,0,0
13/07/2016,0,0,0,0,0,0,84087.4,22933.35,54050.6,18149.1,0,0,70818.45,52795.85,60713.35,3893.1,0,74070,10580,45219,0,0,0,0,0,0,70855.85,52861.6,61203.1,3853.2,0,74020,10591,44182,0,0,0,81477,5002,42720,0,0,0,0,0,0,0,0,0,0,1
14/07/2016,0,0,0,0,0,0,83107.8,24342.7,54211.2,17573.2,0,0,70923.9,50572.7,59852.7,3688.2,0,74070,10580,45219,0,0,0,0,0,0,70998.7,50704.2,60328.2,3650.4,0,74020,10591,44182,0,0,0,81477,5002,42720,0,0,0,0,0,0,0,0,0,0,0
15/07/2016,0,0,0,0,0,0,82128.2,25752.05,54371.8,16997.3,0,0,71029.35,48349.55,58992.05,3483.3,0,74070,10580,45219,0,0,0,0,0,0,71141.55,48546.8,59453.3,3447.6,0,74020,10591,44182,0,0,0,81477,5002,42720,0,0,0,0,0,0,0,0,0,0,0
16/07/2016,0,0,0,0,0,0,81148.6,27161.4,54532.4,16421.4,0,0,71134.8,46126.4,58131.4,3278.4,0,74070,10580,45219,0,0,0,0,0,0,71284.4,46389.4,58578.4,3244.8,0,74020,10591,44182,0,0,0,81477,5002,42720,0,0,0,0,0,0,0,0,0,0,0
17/07/2016,0,0,0,0,0,0,80169,28570.75,54693,15845.5,0,0,71240.25,43903.25,57270.75,3073.5,0,74070,10580,45219,0,0,0,0,0,0,71427.25,44232,57703.5,3042,0,74020,10591,44182,0,0,0,81477,5002,42720,0,0,0,0,0,0,0,0,0,0,0
18/07/2016,0,0,0,0,0,0,79189.4,29980.1,54853.6,15269.6,0,0,71345.7,41680.1,56410.1,2868.6,0,74070,10580,45219,0,0,0,0,0,0,71570.1,42074.6,56828.6,2839.2,0,74020,10591,44182,0,0,0,81477,5002,42720,0,0,0,0,0,0,0,0,0,0,0
19/07/2016,0,0,0,0,0,0,78209.8,31389.45,55014.2,14693.7,0,0,71451.15,39456.95,55549.45,2663.7,0,74070,10580,45219,0,0,0,0,0,0,71712.95,39917.2,55953.7,2636.4,0,74020,10591,44182,0,0,0,81477,5002,42720,0,0,0,0,0,0,0,0,0,0,0
20/07/2016,0,0,0,0,0,0,77230.2,32798.8,55174.8,14117.8,0,0,71556.6,37233.8,54688.8,2458.8,0,74070,10580,45219,0,0,0,0,0,0,71855.8,37759.8,55078.8,2433.6,0,74020,10591,44182,0,0,0,81477,5002,42720,0,0,0,0,0,0,0,0,0,0,0
21/07/2016,0,0,0,0,0,0,76250.6,34208.15,55335.4,13541.9,0,0,71662.05,35010.65,53828.15,2253.9,0,74070,10580,45219,0,0,0,0,0,0,71998.65,35602.4,54203.9,2230.8,0,74020,10591,44182,0,0,0,81477,5002,42720,0,0,0,0,0,0,0,0,0,0,0
22/07/2016,0,0,0,0,0,0,75271,35617.5,55496,12966,0,0,71767.5,32787.5,52967.5,2049,0,74070,10580,45219,0,0,0,0,0,0,72141.5,33445,53329,2028,0,74020,10591,44182,0,0,0,81477,5002,42720,0,0,0,0,0,0,0,0,0,0,0
23/07/2016,0,0,0,0,0,0,74291.4,37026.85,55656.6,12390.1,0,0,71872.95,30564.35,52106.85,1844.1,0,74070,10580,45219,0,0,0,0,0,0,72284.35,31287.6,52454.1,1825.2,0,74020,10591,44182,0,0,0,81477,5002,42720,0,0,0,0,0,0,0,0,0,0,0
24/07/2016,0,0,0,0,0,0,73311.8,38436.2,55817.2,11814.2,0,0,71978.4,28341.2,51246.2,1639.2,0,74070,10580,45219,0,0,0,0,0,0,72427.2,29130.2,51579.2,1622.4,0,74020,10591,44182,0,0,0,81477,5002,42720,0,0,0,0,0,0,0,0,0,0,0
25/07/2016,0,0,0,0,0,0,72332.2,39845.55,55977.8,11238.3,0,0,72083.85,26118.05,50385.55,1434.3,0,74070,10580,45219,0,0,0,0,0,0,72570.05,26972.8,50704.3,1419.6,0,74020,10591,44182,0,0,0,81477,5002,42720,0,0,0,0,0,0,0,0,0,0,0
26/07/2016,0,0,0,0,0,0,71352.6,41254.9,56138.4,10662.4,0,0,72189.3,23894.9,49524.9,1229.4,0,74070,10580,45219,0,0,0,0,0,0,72712.9,24815.4,49829.4,1216.8,0,74020,10591,44182,0,0,0,81477,5002,42720,0,0,0,0,0,0,0,0,0,0,0
27/07/2016,0,0,0,0,0,0,70373,42664.25,56299,10086.5,0,0,72294.75,21671.75,48664.25,1024.5,0,74070,10580,45219,0,0,0,0,0,0,72855.75,22658,48954.5,1014,0,74020,10591,44182,0,0,0,81477,5002,42720,0,0,0,0,0,0,0,0,0,0,0
28/07/2016,0,0,0,0,0,0,69393.4,44073.6,56459.6,9510.6,0,0,72400.2,19448.6,47803.6,819.6,0,74070,10580,45219,0,0,0,0,0,0,72998.6,20500.6,48079.6,811.2,0,74020,10591,44182,0,0,0,81477,5002,42720,0,0,0,0,0,0,0,0,0,0,0
29/07/2016,0,0,0,0,0,0,68413.8,45482.95,56620.2,8934.7,0,0,72505.65,17225.45,46942.95,614.7,0,74070,10580,45219,0,0,0,0,0,0,73141.45,18343.2,47204.7,608.4,0,74020,10591,44182,0,0,0,81477,5002,42720,0,0,0,0,0,0,0,0,0,0,0
30/07/2016,0,0,0,0,0,0,67434.2,46892.3,56780.8,8358.8,0,0,72611.1,15002.3,46082.3,409.8,0,74070,10580,45219,0,0,0,0,0,0,73284.3,16185.8,46329.8,405.6,0,74020,10591,44182,0,0,0,81477,5002,42720,0,0,0,0,0,0,0,0,0,0,0
31/07/2016,0,0,0,0,0,0,66454.6,48301.65,56941.4,7782.9,0,0,72716.55,12779.15,45221.65,204.9,0,74070,10580,45219,0,0,0,0,0,0,73427.15,14028.4,45454.9,202.8,0,74020,10591,44182,0,0,0,81477,5002,42720,0,0,0,0,0,0,0,0,0,0,0
01/08/2016,0,0,0,0,0,8,65475,49711,57102,7207,0,3,72822,10556,44361,0,1,74070,10580,45219,0,0,0,0,0,3,73570,11871,44580,0,1,74020,10591,44182,0,0,2,81477,5002,42720,0,0,0,0,0,0,0,0,0,0,0
02/08/2016,0,0,0,0,0,34,81299,992,46852,22309,0,2,72822,10556,44361,0,1,74070,10580,45219,0,0,0,0,0,2,73570,11871,44580,0,1,74020,10591,44182,0,0,15,83941,10479,29654,25103,0,0,0,0,2,2,6,33,319,0
03/08/2016,5,0,0,0,1,4,81741,4273,43548,0,0,2,72822,10556,44361,0,0,74070,10580,45219,0,0,0,0,0,2,73570,11871,44580,0,0,74020,10591,44182,0,0,1,81477,5002,42720,0,0,0,0,0,0,35,22,2,414,0
04/08/2016,0,0,0,0,0,29,82896,1262,46140,29153,0,2,72822,10556,44361,0,0,74070,10580,45219,0,0,0,0,6,9,82306,1259,32905,31017,0,74020,10591,44182,0,1,1,81477,5002,42720,0,0,0,0,0,1,0,1,0,34,0
05/08/2016,0,0,0,0,0,5,86157,20268,47671,24665,0,2,72822,10556,44361,0,0,74070,10580,45219,0,0,0,1,0,2,73570,11871,44580,0,0,74020,10591,44182,0,2,1,81477,5002,42720,0,0,0,0,0,1,0,0,0,57,0
06/08/2016,0,0,0,0,0,12,72034,14976,43977,20480,0,4,72822,10556,44361,0,3,74070,10580,45219,0,0,0,0,2,4,73570,11871,44580,0,3,74020,10591,44182,0,6,2,81477,5002,42720,0,0,0,0,0,0,0,0,4,35,0
07/08/2016,2,0,0,0,0,30,85980,2680,54183,27557,0,1,72822,10556,44361,0,9,81754,42075,50178,12450,0,0,0,0,1,73570,11871,44580,0,10,81807,42075,53341,15421,0,2,81477,5002,42720,0,0,0,1,0,0,0,0,0,0,0
08/08/2016,0,0,0,0,0,35,85957,11967,46525,23094,0,8,85944,7734,41765,26018,14,82374,19013,52993,22876,0,0,1,1,8,85944,7734,41765,26018,14,82374,19013,52993,22876,0,9,80275,16721,51494,22962,0,0,0,0,0,0,0,0,0,0
09/08/2016,0,0,0,0,0,8,70811,4652,38815,26952,0,2,72822,10556,44361,0,4,74070,10580,45219,0,0,0,0,0,2,73570,11871,44580,0,4,74020,10591,44182,0,0,23,85206,220,46940,28705,0,0,0,0,0,0,0,0,0,0
10/08/2016,0,0,0,0,0,1,81741,4273,43548,0,0,1,72822,10556,44361,0,0,74070,10580,45219,0,0,0,0,0,1,73570,11871,44580,0,0,74020,10591,44182,0,9,11,75747,8428,48907,27535,0,0,1,0,0,0,0,0,0,0
11/08/2016,0,0,0,0,0,31,80713,157,36422,23086,0,3,72822,10556,44361,0,7,28694,138,14607,11259,0,0,0,0,3,73570,11871,44580,0,7,28694,138,14607,11259,1,1,81477,5002,42720,0,0,0,0,0,0,0,0,0,0,0
12/08/2016,0,0,0,0,0,107,82905,4436,62576,19254,0,67,81396,22832,67383,13469,41,80608,53406,75071,9386,0,0,1,0,84,81396,22832,65852,13343,44,80608,53406,75390,9131,1,8,80206,29702,65425,17847,0,0,0,0,0,0,0,0,0,0
13/08/2016,0,0,0,0,0,0,82846.1,6938.8,63272.4,18668.25,0,0,80967.3,22218.2,66231.9,12795.55,0,80551.55,51169.85,74755.7,9841.95,0,0,0,0,0,81004.7,22283.95,64788.4,12675.85,0,80551.55,51169.8,75058.75,9599.75,0,0,80269.55,28467,64289.75,16954.65,0,0,0,0,0,0,0,0,0,0
14/08/2016,0,0,0,0,0,0,82787.2,9441.6,63968.8,18082.5,0,0,80538.6,21604.4,65080.8,12122.1,0,80495.1,48933.7,74440.4,10297.9,0,0,0,0,0,80613.4,21735.9,63724.8,12008.7,0,80495.1,48933.6,74727.5,10068.5,0,0,80333.1,27232,63154.5,16062.3,0,0,0,0,0,0,0,0,0,0
15/08/2016,0,0,0,0,0,0,82728.3,11944.4,64665.2,17496.75,0,0,80109.9,20990.6,63929.7,11448.65,0,80438.65,46697.55,74125.1,10753.85,0,0,0,0,0,80222.1,21187.85,62661.2,11341.55,0,80438.65,46697.4,74396.25,10537.25,0,0,80396.65,25997,62019.25,15169.95,0,0,0,0,0,0,0,0,0,0
16/08/2016,0,0,0,0,0,0,82669.4,14447.2,65361.6,16911,0,0,79681.2,20376.8,62778.6,10775.2,0,80382.2,44461.4,73809.8,11209.8,0,0,0,0,0,79830.8,20639.8,61597.6,10674.4,0,80382.2,44461.2,74065,11006,0,0,80460.2,24762,60884,14277.6,0,0,0,0,0,0,0,0,0,0
17/08/2016,0,0,0,0,0,0,82610.5,16950,66058,16325.25,0,0,79252.5,19763,61627.5,10101.75,0,80325.75,42225.25,73494.5,11665.75,0,0,0,0,0,79439.5,20091.75,60534,10007.25,0,80325.75,42225,73733.75,11474.75,0,0,80523.75,23527,59748.75,13385.25,0,0,0,0,0,0,0,0,0,1
18/08/2016,0,0,0,0,0,0,82551.6,19452.8,66754.4,15739.5,0,0,78823.8,19149.2,60476.4,9428.3,0,80269.3,39989.1,73179.2,12121.7,0,0,0,0,0,79048.2,19543.7,59470.4,9340.1,0,80269.3,39988.8,73402.5,11943.5,0,0,80587.3,22292,58613.5,12492.9,0,0,0,0,0,0,0,0,0,0
19/08/2016,0,0,0,0,0,0,82492.7,21955.6,67450.8,15153.75,0,0,78395.1,18535.4,59325.3,8754.85,0,80212.85,37752.95,72863.9,12577.65,0,0,0,0,0,78656.9,18995.65,58406.8,8672.95,0,80212.85,37752.6,73071.25,12412.25,0,0,80650.85,21057,57478.25,11600.55,0,0,0,0,0,0,0,0,0,0
20/08/2016,0,0,0,0,0,0,82433.8,24458.4,68147.2,14568,0,0,77966.4,17921.6,58174.2,8081.4,0,80156.4,35516.8,72548.6,13033.6,0,0,0,0,0,78265.6,18447.6,57343.2,8005.8,0,80156.4,35516.4,72740,12881,0,0,80714.4,19822,56343,10708.2,0,0,0,0,0,0,0,0,0,0
21/08/2016,0,0,0,0,0,0,82374.9,26961.2,68843.6,13982.25,0,0,77537.7,17307.8,57023.1,7407.95,0,80099.95,33280.65,72233.3,13489.55,0,0,0,0,0,77874.3,17899.55,56279.6,7338.65,0,80099.95,33280.2,72408.75,13349.75,0,0,80777.95,18587,55207.75,9815.85,0,0,0,0,0,0,0,0,0,0
22/08/2016,0,0,0,0,0,0,82316,29464,69540,13396.5,0,0,77109,16694,55872,6734.5,0,80043.5,31044.5,71918,13945.5,0,0,0,0,0,77483,17351.5,55216,6671.5,0,80043.5,31044,72077.5,13818.5,0,0,80841.5,17352,54072.5,8923.5,0,0,0,0,0,0,0,0,0,0
23/08/2016,0,0,0,0,0,0,82257.1,31966.8,70236.4,12810.75,0,0,76680.3,16080.2,54720.9,6061.05,0,79987.05,28808.35,71602.7,14401.45,0,0,0,0,0,77091.7,16803.45,54152.4,6004.35,0,79987.05,28807.8,71746.25,14287.25,0,0,80905.05,16117,52937.25,8031.15,0,0,0,0,0,0,0,0,0,0
24/08/2016,0,0,0,0,0,0,82198.2,34469.6,70932.8,12225,0,0,76251.6,15466.4,53569.8,5387.6,0,79930.6,26572.2,71287.4,14857.4,0,0,0,0,0,76700.4,16255.4,53088.8,5337.2,0,79930.6,26571.6,71415,14756,0,0,80968.6,14882,51802,7138.8,0,0,0,0,0,0,0,0,0,0
25/08/2016,0,0,0,0,0,0,82139.3,36972.4,71629.2,11639.25,0,0,75822.9,14852.6,52418.7,4714.15,0,79874.15,24336.05,70972.1,15313.35,0,0,0,0,0,76309.1,15707.35,52025.2,4670.05,0,79874.15,24335.4,71083.75,15224.75,0,0,81032.15,13647,50666.75,6246.45,0,0,0,0,0,0,0,0,0,0
26/08/2016,0,0,0,0,0,0,82080.4,39475.2,72325.6,11053.5,0,0,75394.2,14238.8,51267.6,4040.7,0,79817.7,22099.9,70656.8,15769.3,0,0,0,0,0,75917.8,15159.3,50961.6,4002.9,0,79817.7,22099.2,70752.5,15693.5,0,0,81095.7,12412,49531.5,5354.1,0,0,0,0,0,0,0,0,0,0
27/08/2016,0,0,0,0,0,0,82021.5,41978,73022,10467.75,0,0,74965.5,13625,50116.5,3367.25,0,79761.25,19863.75,70341.5,16225.25,0,0,0,0,0,75526.5,14611.25,49898,3335.75,0,79761.25,19863,70421.25,16162.25,0,0,81159.25,11177,48396.25,4461.75,0,0,0,0,0,0,0,0,0,0
28/08/2016,0,0,0,0,0,0,81962.6,44480.8,73718.4,9882,0,0,74536.8,13011.2,48965.4,2693.8,0,79704.8,17627.6,70026.2,16681.2,0,0,0,0,0,75135.2,14063.2,48834.4,2668.6,0,79704.8,17626.8,70090,16631,0,0,81222.8,9942,47261,3569.4,0,0,0,0,0,0,0,0,0,0
29/08/2016,0,0,0,0,0,0,81903.7,46983.6,74414.8,9296.25,0,0,74108.1,12397.4,47814.3,2020.35,0,79648.35,15391.45,69710.9,17137.15,0,0,0,0,0,74743.9,13515.15,47770.8,2001.45,0,79648.35,15390.6,69758.75,17099.75,0,0,81286.35,8707,46125.75,2677.05,0,0,0,0,0,0,0,0,0,0
30/08/2016,0,0,0,0,0,0,81844.8,49486.4,75111.2,8710.5,0,0,73679.4,11783.6,46663.2,1346.9,0,79591.9,13155.3,69395.6,17593.1,0,0,0,0,0,74352.6,12967.1,46707.2,1334.3,0,79591.9,13154.4,69427.5,17568.5,0,0,81349.9,7472,44990.5,1784.7,0,0,0,0,0,0,0,0,0,0
31/08/2016,0,0,0,0,0,0,81785.9,51989.2,75807.6,8124.75,0,0,73250.7,11169.8,45512.1,673.45,0,79535.45,10919.15,69080.3,18049.05,0,0,0,0,0,73961.3,12419.05,45643.6,667.15,0,79535.45,10918.2,69096.25,18037.25,0,0,81413.45,6237,43855.25,892.35,0,0,0,0,0,0,0,0,0,0
01/09/2016,0,0,0,0,0,16,81727,54492,76504,7539,0,4,72822,10556,44361,0,13,79479,8683,68765,18505,0,0,1,0,4,73570,11871,44580,0,13,79479,8682,68765,18506,2,4,81477,5002,42720,0,0,0,0,0,0,0,0,0,0,0
02/09/2016,0,0,0,0,0,9,85428,4096,51452,33983,0,1,72822,10556,44361,0,1,74070,10580,45219,0,0,0,0,0,1,73570,11871,44580,0,1,74020,10591,44182,0,0,7,44797,9060,28270,15523,0,0,0,0,4,6,9,13,248,0
03/09/2016,21,0,0,0,0,12,78762,22686,64864,17822,0,5,73026,27220,57528,21727,0,74070,10580,45219,0,0,0,0,0,5,73026,27220,57528,21727,0,74020,10591,44182,0,0,0,81477,5002,42720,0,0,0,0,5,9,7,15,2,263,0
04/09/2016,0,0,0,0,2,12,85280,4462,48050,24799,0,2,72822,10556,44361,0,0,74070,10580,45219,0,0,0,0,0,4,73570,11871,44580,0,0,74020,10591,44182,0,0,4,81477,5002,42720,0,0,0,0,0,13,17,0,15,340,0
05/09/2016,1,0,0,1,0,3,81741,4273,43548,0,0,5,56086,15195,23380,18282,3,74070,10580,45219,0,0,0,0,0,5,56086,15195,23380,18282,3,74020,10591,44182,0,4,0,81477,5002,42720,0,0,0,0,0,2,2,1,5,146,0
06/09/2016,0,0,0,0,1,15,81757,2989,42783,24323,0,4,72822,10556,44361,0,1,74070,10580,45219,0,0,0,0,0,4,73570,11871,44580,0,1,74020,10591,44182,0,0,1,81477,5002,42720,0,0,0,0,0,0,0,0,6,45,0
07/09/2016,0,0,0,0,0,40,86388,647,36255,20423,0,2,72822,10556,44361,0,4,74070,10580,45219,0,0,0,0,0,2,73570,11871,44580,0,4,74020,10591,44182,0,9,13,41746,2082,35640,14886,0,0,0,0,0,0,0,0,0,0
08/09/2016,0,0,0,0,0,40,83206,735,39647,32624,0,3,72822,10556,44361,0,32,83171,734,41576,34094,0,2,0,0,3,73570,11871,44580,0,33,83171,734,42827,34318,0,14,85376,677,34247,30850,0,0,0,2,0,0,0,0,0,0
09/09/2016,0,0,0,0,0,6,59249,6677,32256,19412,0,2,72822,10556,44361,0,4,74070,10580,45219,0,0,0,0,0,2,73570,11871,44580,0,4,74020,10591,44182,0,0,15,85299,4177,44441,29458,0,0,0,0,0,0,0,0,0,0
10/09/2016,0,0,0,0,0,6,75514,485,48307,26231,0,3,72822,10556,44361,0,0,74070,10580,45219,0,0,0,0,0,3,73570,11871,44580,0,0,74020,10591,44182,0,1,5,76430,27258,45625,19414,0,0,0,0,0,0,0,0,0,0
11/09/2016,0,0,0,0,0,26,83669,2080,31795,26077,0,5,67872,2723,31791,28605,6,29412,1938,7058,10955,0,0,0,0,6,67872,2723,26949,28201,8,29412,1938,5987,9469,0,0,81477,5002,42720,0,0,0,0,0,0,0,0,0,0,0
12/09/2016,0,0,0,0,1,22,84400,1299,53682,30663,0,1,72822,10556,44361,0,4,74070,10580,45219,0,0,0,0,0,2,73570,11871,44580,0,4,74020,10591,44182,0,1,0,81477,5002,42720,0,0,0,1,0,0,0,0,0,0,0
13/09/2016,0,0,0,0,0,0,84161.89474,1241.736842,52448,30341.15789,0,0,72523.73684,10922.31579,44092.15789,873.1052632,0,74374.52632,11759.36842,45933.15789,932.7894737,0,0,0,0,0,73232.36842,12168.10526,44351.63158,808.7894737,0,74327.15789,11769.78947,44890.36842,907.2631579,0,0,81477,5002,42720,0,0,0,0,0,0,0,0,0,0,0
14/09/2016,0,0,0,0,0,0,83923.78947,1184.473684,51214,30019.31579,0,0,72225.47368,11288.63158,43823.31579,1746.210526,0,74679.05263,12938.73684,46647.31579,1865.578947,0,0,0,0,0,72894.73684,12465.21053,44123.26316,1617.578947,0,74634.31579,12948.57895,45598.73684,1814.526316,0,0,81477,5002,42720,0,0,0,0,0,0,0,0,0,0,0
15/09/2016,0,0,0,0,0,0,83685.68421,1127.210526,49980,29697.47368,0,0,71927.21053,11654.94737,43554.47368,2619.315789,0,74983.57895,14118.10526,47361.47368,2798.368421,0,0,0,0,0,72557.10526,12762.31579,43894.89474,2426.368421,0,74941.47368,14127.36842,46307.10526,2721.789474,0,0,81477,5002,42720,0,0,0,0,0,0,0,0,0,0,1
16/09/2016,0,0,0,0,0,0,83447.57895,1069.947368,48746,29375.63158,0,0,71628.94737,12021.26316,43285.63158,3492.421053,0,75288.10526,15297.47368,48075.63158,3731.157895,0,0,0,0,0,72219.47368,13059.42105,43666.52632,3235.157895,0,75248.63158,15306.15789,47015.47368,3629.052632,0,0,81477,5002,42720,0,0,0,0,0,0,0,0,0,0,0
17/09/2016,0,0,0,0,0,0,83209.47368,1012.684211,47512,29053.78947,0,0,71330.68421,12387.57895,43016.78947,4365.526316,0,75592.63158,16476.84211,48789.78947,4663.947368,0,0,0,0,0,71881.84211,13356.52632,43438.15789,4043.947368,0,75555.78947,16484.94737,47723.84211,4536.315789,0,0,81477,5002,42720,0,0,0,0,0,0,0,0,0,0,0
18/09/2016,0,0,0,0,0,0,82971.36842,955.4210526,46278,28731.94737,0,0,71032.42105,12753.89474,42747.94737,5238.631579,0,75897.15789,17656.21053,49503.94737,5596.736842,0,0,0,0,0,71544.21053,13653.63158,43209.78947,4852.736842,0,75862.94737,17663.73684,48432.21053,5443.578947,0,0,81477,5002,42720,0,0,0,0,0,0,0,0,0,0,0
19/09/2016,0,0,0,0,0,0,82733.26316,898.1578947,45044,28410.10526,0,0,70734.15789,13120.21053,42479.10526,6111.736842,0,76201.68421,18835.57895,50218.10526,6529.526316,0,0,0,0,0,71206.57895,13950.73684,42981.42105,5661.526316,0,76170.10526,18842.52632,49140.57895,6350.842105,0,0,81477,5002,42720,0,0,0,0,0,0,0,0,0,0,0
20/09/2016,0,0,0,0,0,0,82495.15789,840.8947368,43810,28088.26316,0,0,70435.89474,13486.52632,42210.26316,6984.842105,0,76506.21053,20014.94737,50932.26316,7462.315789,0,0,0,0,0,70868.94737,14247.84211,42753.05263,6470.315789,0,76477.26316,20021.31579,49848.94737,7258.105263,0,0,81477,5002,42720,0,0,0,0,0,0,0,0,0,0,0
21/09/2016,0,0,0,0,0,0,82257.05263,783.6315789,42576,27766.42105,0,0,70137.63158,13852.84211,41941.42105,7857.947368,0,76810.73684,21194.31579,51646.42105,8395.105263,0,0,0,0,0,70531.31579,14544.94737,42524.68421,7279.105263,0,76784.42105,21200.10526,50557.31579,8165.368421,0,0,81477,5002,42720,0,0,0,0,0,0,0,0,0,0,0
22/09/2016,0,0,0,0,0,0,82018.94737,726.3684211,41342,27444.57895,0,0,69839.36842,14219.15789,41672.57895,8731.052632,0,77115.26316,22373.68421,52360.57895,9327.894737,0,0,0,0,0,70193.68421,14842.05263,42296.31579,8087.894737,0,77091.57895,22378.89474,51265.68421,9072.631579,0,0,81477,5002,42720,0,0,0,0,0,0,0,0,0,0,0
23/09/2016,0,0,0,0,0,0,81780.84211,669.1052632,40108,27122.73684,0,0,69541.10526,14585.47368,41403.73684,9604.157895,0,77419.78947,23553.05263,53074.73684,10260.68421,0,0,0,0,0,69856.05263,15139.15789,42067.94737,8896.684211,0,77398.73684,23557.68421,51974.05263,9979.894737,0,0,81477,5002,42720,0,0,0,0,0,0,0,0,0,0,0
24/09/2016,0,0,0,0,0,0,81542.73684,611.8421053,38874,26800.89474,0,0,69242.84211,14951.78947,41134.89474,10477.26316,0,77724.31579,24732.42105,53788.89474,11193.47368,0,0,0,0,0,69518.42105,15436.26316,41839.57895,9705.473684,0,77705.89474,24736.47368,52682.42105,10887.15789,0,0,81477,5002,42720,0,0,0,0,0,0,0,0,0,0,0
25/09/2016,0,0,0,0,0,0,81304.63158,554.5789474,37640,26479.05263,0,0,68944.57895,15318.10526,40866.05263,11350.36842,0,78028.84211,25911.78947,54503.05263,12126.26316,0,0,0,0,0,69180.78947,15733.36842,41611.21053,10514.26316,0,78013.05263,25915.26316,53390.78947,11794.42105,0,0,81477,5002,42720,0,0,0,0,0,0,0,0,0,0,0
26/09/2016,0,0,0,0,0,0,81066.52632,497.3157895,36406,26157.21053,0,0,68646.31579,15684.42105,40597.21053,12223.47368,0,78333.36842,27091.15789,55217.21053,13059.05263,0,0,0,0,0,68843.15789,16030.47368,41382.84211,11323.05263,0,78320.21053,27094.05263,54099.15789,12701.68421,0,0,81477,5002,42720,0,0,0,0,0,0,0,0,0,0,0
27/09/2016,0,0,0,0,0,0,80828.42105,440.0526316,35172,25835.36842,0,0,68348.05263,16050.73684,40328.36842,13096.57895,0,78637.89474,28270.52632,55931.36842,13991.84211,0,0,0,0,0,68505.52632,16327.57895,41154.47368,12131.84211,0,78627.36842,28272.84211,54807.52632,13608.94737,0,0,81477,5002,42720,0,0,0,0,0,0,0,0,0,0,0
28/09/2016,0,0,0,0,0,0,80590.31579,382.7894737,33938,25513.52632,0,0,68049.78947,16417.05263,40059.52632,13969.68421,0,78942.42105,29449.89474,56645.52632,14924.63158,0,0,0,0,0,68167.89474,16624.68421,40926.10526,12940.63158,0,78934.52632,29451.63158,55515.89474,14516.21053,0,0,81477,5002,42720,0,0,0,0,0,0,0,0,0,0,0
29/09/2016,0,0,0,0,0,0,80352.21053,325.5263158,32704,25191.68421,0,0,67751.52632,16783.36842,39790.68421,14842.78947,0,79246.94737,30629.26316,57359.68421,15857.42105,0,0,0,0,0,67830.26316,16921.78947,40697.73684,13749.42105,0,79241.68421,30630.42105,56224.26316,15423.47368,0,0,81477,5002,42720,0,0,0,0,0,0,0,0,0,0,0
30/09/2016,0,0,0,0,0,0,80114.10526,268.2631579,31470,24869.84211,0,0,67453.26316,17149.68421,39521.84211,15715.89474,0,79551.47368,31808.63158,58073.84211,16790.21053,0,0,0,0,0,67492.63158,17218.89474,40469.36842,14558.21053,0,79548.84211,31809.21053,56932.63158,16330.73684,0,0,81477,5002,42720,0,0,0,0,0,0,0,0,0,0,1
01/10/2016,0,0,0,0,0,19,79876,211,30236,24548,0,6,67155,17516,39253,16589,10,79856,32988,58788,17723,0,0,0,2,7,67155,17516,40241,15367,11,79856,32988,57641,17238,2,2,81477,5002,42720,0,0,0,5,0,0,0,0,0,0,0
02/10/2016,0,0,0,0,0,3,81741,4273,43548,0,0,1,72822,10556,44361,0,1,74070,10580,45219,0,0,0,1,0,1,73570,11871,44580,0,1,74020,10591,44182,0,0,10,79062,8658,43270,22453,2,0,0,0,5,2,6,2,146,0
03/10/2016,10,0,0,0,0,20,83904,7452,34326,16476,0,3,72822,10556,44361,0,1,74070,10580,45219,0,0,0,0,1,3,73570,11871,44580,0,1,74020,10591,44182,0,0,2,81477,5002,42720,0,0,0,0,0,3,0,11,0,140,0
04/10/2016,0,0,0,0,0,21,82519,2398,41994,27985,0,5,84789,739,39139,31320,1,74070,10580,45219,0,0,0,0,0,6,84789,739,34403,30321,1,74020,10591,44182,0,1,4,81477,5002,42720,0,0,0,0,0,0,0,0,0,20,0
05/10/2016,2,0,0,16,0,13,84610,37264,66825,12976,0,9,81257,13622,62474,19851,0,74070,10580,45219,0,0,0,0,2,10,81274,13622,64354,19637,0,74020,10591,44182,0,0,6,81690,37718,56135,15623,0,0,2,0,0,0,1,1,71,0
